soil_type,land_area,location,budget,water_availability,crop
red,13.9,Warangal,136620,medium,chilli
sandy,10.6,Nashik,66016,medium,onion
clay,17.5,Vijayawada,240163,high,rice
black,2.9,Pune,16288,high,maize
loamy,19.5,Nashik,253921,high,tomato
loamy,1.9,Vijayawada,18088,high,tomato
black,13.1,Warangal,170066,medium,cotton
red,14.0,Pune,52494,low,millet
loamy,19.8,Jaipur,218964,medium,wheat
loamy,8.6,Warangal,95195,medium,chilli
loamy,3.7,Pune,41412,medium,wheat
black,20.0,Bengaluru,127444,high,maize
loamy,9.0,Nashik,63871,medium,onion
loamy,11.2,Delhi,72815,medium,wheat
red,1.1,Warangal,6434,low,groundnut
loamy,13.1,Warangal,92981,high,groundnut
loamy,12.4,Hyderabad,100519,medium,soybean
loamy,11.8,Lucknow,79758,medium,potato
loamy,19.0,Jaipur,126973,medium,wheat
black,19.9,Pune,172576,medium,maize
red,1.4,Warangal,15322,medium,chilli
loamy,18.2,Nashik,105043,medium,onion
sandy,3.5,Pune,18134,medium,millet
black,13.5,Nashik,84345,medium,soybean
red,14.8,Pune,39143,low,millet
loamy,9.8,Jaipur,103190,medium,wheat
loamy,4.2,Delhi,24239,medium,wheat
loamy,8.4,Lucknow,92124,medium,potato
loamy,2.1,Lucknow,20766,medium,potato
sandy,17.2,Nashik,193486,medium,onion
loamy,17.4,Warangal,137453,medium,maize
loamy,12.1,Vijayawada,97700,medium,tomato
sandy,8.5,Vijayawada,77503,medium,onion
red,20.0,Warangal,162440,medium,chilli
loamy,8.0,Jaipur,73401,medium,wheat
black,17.7,Hyderabad,147748,medium,maize
sandy,14.6,Warangal,70757,low,groundnut
red,9.0,Nashik,77992,medium,cotton
red,9.4,Nashik,44336,low,groundnut
loamy,16.9,Vijayawada,151315,medium,tomato
loamy,18.7,Pune,131277,medium,soybean
loamy,15.8,Bengaluru,232917,high,rice
loamy,4.4,Vijayawada,32925,low,tomato
red,3.1,Delhi,9433,low,millet
loamy,16.1,Jaipur,170386,low,rice
black,7.7,Nashik,88402,medium,cotton
sandy,19.3,Nashik,162575,medium,onion
red,19.7,Nashik,99595,medium,groundnut
loamy,18.6,Delhi,199306,medium,wheat
loamy,12.8,Pune,77834,medium,onion
clay,8.6,Pune,143972,high,chilli
sandy,18.2,Nashik,99819,medium,groundnut
loamy,15.9,Nashik,109395,medium,soybean
loamy,10.0,Nashik,94276,medium,soybean
black,13.8,Warangal,122858,high,maize
loamy,9.7,Hyderabad,93958,low,cotton
red,14.1,Vijayawada,157888,medium,chilli
loamy,18.4,Pune,104110,medium,wheat
loamy,18.2,Pune,211414,medium,wheat
black,15.6,Pune,141301,medium,potato
loamy,5.5,Pune,33084,medium,onion
sandy,3.9,Jaipur,13710,low,millet
red,16.8,Hyderabad,225953,medium,cotton
red,1.1,Hyderabad,16000,high,tomato
red,18.1,Pune,100979,medium,millet
loamy,13.9,Lucknow,154245,medium,potato
loamy,8.5,Vijayawada,119006,medium,tomato
black,2.0,Pune,21361,medium,soybean
loamy,19.1,Bengaluru,228611,high,tomato
loamy,19.1,Nashik,268740,high,tomato
black,5.5,Pune,52863,medium,cotton
loamy,4.2,Pune,39306,medium,potato
sandy,18.6,Pune,106176,low,soybean
loamy,14.1,Hyderabad,88824,medium,soybean
red,9.1,Bengaluru,77697,medium,chilli
red,19.3,Delhi,100599,low,millet
black,10.9,Vijayawada,149417,high,chilli
red,17.2,Vijayawada,271168,medium,chilli
loamy,10.4,Pune,103660,medium,wheat
sandy,12.3,Delhi,52033,medium,millet
sandy,11.5,Jaipur,88768,low,groundnut
red,8.7,Warangal,80210,medium,cotton
red,7.3,Nashik,110843,medium,cotton
loamy,15.1,Lucknow,128715,medium,potato
black,5.3,Hyderabad,24381,high,maize
loamy,14.3,Warangal,62307,high,maize
black,10.1,Warangal,78396,medium,maize
sandy,10.3,Delhi,34748,medium,millet
black,6.8,Pune,70147,medium,soybean
red,17.3,Hyderabad,239663,medium,cotton
loamy,2.5,Nashik,24414,medium,tomato
black,12.3,Warangal,164259,medium,cotton
red,5.4,Nashik,32267,medium,groundnut
sandy,3.8,Jaipur,24961,medium,groundnut
sandy,16.7,Vijayawada,83763,low,groundnut
red,11.3,Nashik,78168,medium,groundnut
loamy,1.5,Pune,15336,medium,potato
red,1.8,Hyderabad,33458,high,cotton
black,16.5,Pune,129294,high,maize
loamy,8.8,Lucknow,57485,medium,wheat
loamy,7.1,Delhi,50794,medium,potato
sandy,4.6,Lucknow,60053,high,tomato
red,3.5,Jaipur,11669,medium,millet
red,5.5,Jaipur,39208,low,groundnut
loamy,9.8,Warangal,41314,high,maize
loamy,8.9,Lucknow,103861,medium,wheat
loamy,18.5,Lucknow,146072,medium,potato
loamy,16.0,Pune,167017,medium,onion
clay,13.5,Pune,92426,high,groundnut
black,8.2,Hyderabad,62459,high,maize
loamy,1.8,Delhi,7600,high,millet
loamy,1.7,Pune,13589,medium,potato
clay,9.7,Jaipur,61175,low,onion
loamy,12.8,Bengaluru,119557,medium,maize
loamy,12.7,Bengaluru,147711,high,tomato
red,9.4,Warangal,116058,medium,cotton
sandy,9.2,Hyderabad,45287,medium,groundnut
black,8.3,Pune,74990,medium,cotton
loamy,5.9,Vijayawada,96529,medium,chilli
black,19.0,Lucknow,153341,medium,rice
loamy,20.0,Nashik,210792,medium,soybean
loamy,1.4,Pune,13737,medium,potato
loamy,15.7,Bengaluru,225863,medium,chilli
red,15.4,Pune,248525,medium,cotton
loamy,16.0,Bengaluru,263545,medium,chilli
loamy,4.3,Vijayawada,44213,high,rice
black,19.4,Pune,132730,high,maize
red,19.4,Warangal,67771,low,groundnut
red,11.2,Warangal,147521,medium,chilli
loamy,5.4,Pune,58691,medium,potato
clay,9.8,Bengaluru,66918,high,rice
sandy,10.4,Jaipur,33735,low,groundnut
loamy,15.1,Pune,148928,medium,wheat
loamy,18.8,Vijayawada,131081,medium,onion
red,2.9,Warangal,18243,low,groundnut
red,3.3,Vijayawada,38332,medium,chilli
loamy,3.4,Lucknow,35262,medium,potato
black,16.0,Pune,114451,medium,soybean
black,3.1,Hyderabad,20592,medium,soybean
clay,6.0,Bengaluru,61461,high,rice
loamy,10.8,Bengaluru,74928,medium,maize
loamy,1.6,Lucknow,17605,medium,wheat
black,9.4,Warangal,116804,high,potato
loamy,12.1,Jaipur,104115,medium,wheat
red,16.1,Pune,96078,medium,millet
red,5.3,Bengaluru,56376,high,wheat
black,13.6,Warangal,55055,medium,millet
black,2.8,Warangal,7166,low,millet
red,3.3,Lucknow,18747,low,millet
black,7.7,Hyderabad,29914,high,millet
black,17.1,Pune,180449,medium,soybean
red,1.5,Delhi,10987,low,millet
clay,6.9,Vijayawada,79914,low,chilli
sandy,15.1,Pune,69858,low,millet
loamy,8.0,Vijayawada,95568,medium,rice
sandy,1.9,Jaipur,5760,low,millet
loamy,15.3,Pune,159557,medium,wheat
loamy,1.9,Pune,22622,medium,wheat
sandy,15.5,Bengaluru,152671,low,tomato
sandy,8.2,Nashik,47742,medium,groundnut
red,1.4,Hyderabad,24816,medium,cotton
red,8.7,Delhi,91129,medium,wheat
red,9.3,Jaipur,41444,medium,millet
loamy,15.8,Vijayawada,180910,high,tomato
loamy,16.6,Lucknow,159389,medium,wheat
loamy,15.4,Pune,79109,high,maize
red,18.6,Bengaluru,290070,medium,chilli
loamy,9.4,Pune,74090,medium,soybean
sandy,9.6,Nashik,33467,medium,groundnut
clay,10.6,Bengaluru,76144,high,rice
loamy,10.0,Pune,84672,medium,potato
black,13.3,Nashik,115459,low,maize
clay,7.9,Bengaluru,101527,medium,rice
red,7.3,Nashik,52866,low,groundnut
sandy,12.1,Vijayawada,84346,medium,onion
clay,18.8,Delhi,91086,high,maize
red,2.8,Nashik,25355,low,groundnut
red,5.1,Vijayawada,61445,medium,chilli
loamy,10.6,Lucknow,90521,medium,potato
red,3.9,Nashik,26198,low,onion
red,13.9,Jaipur,59578,low,maize
red,6.9,Jaipur,76362,medium,cotton
loamy,15.8,Jaipur,190408,medium,potato
loamy,13.2,Vijayawada,68056,medium,onion
sandy,6.2,Delhi,15807,low,millet
sandy,8.9,Nashik,80879,medium,onion
loamy,7.1,Nashik,84589,high,tomato
clay,16.8,Vijayawada,92433,low,wheat
black,5.9,Warangal,58625,high,maize
black,1.9,Hyderabad,10558,medium,maize
loamy,1.3,Nashik,17616,medium,tomato
loamy,5.6,Pune,28114,medium,onion
loamy,15.9,Nashik,220930,high,tomato
sandy,15.2,Nashik,147941,medium,onion
red,15.0,Pune,40188,low,millet
red,19.6,Pune,82167,medium,millet
loamy,4.8,Pune,57594,medium,potato
clay,10.0,Lucknow,147784,medium,cotton
loamy,6.2,Vijayawada,42169,medium,rice
red,14.1,Delhi,77177,medium,millet
red,12.4,Warangal,59296,medium,millet
black,6.8,Warangal,41813,medium,maize
black,17.5,Nashik,138778,medium,soybean
red,13.1,Pune,31122,medium,millet
sandy,9.3,Jaipur,55628,low,millet
black,3.9,Bengaluru,30097,high,maize
clay,8.6,Warangal,67119,medium,potato
loamy,8.4,Bengaluru,87682,medium,chilli
sandy,20.0,Nashik,174860,medium,onion
black,2.7,Pune,46845,medium,cotton
clay,6.5,Nashik,57531,high,chilli
loamy,4.8,Lucknow,21453,medium,groundnut
black,9.9,Hyderabad,75544,medium,maize
loamy,11.0,Pune,124909,medium,onion
sandy,13.9,Nashik,110810,low,tomato
sandy,16.8,Delhi,61461,low,millet
loamy,18.9,Pune,150353,medium,onion
clay,6.8,Lucknow,32630,low,groundnut
loamy,1.8,Nashik,20013,medium,onion
clay,1.6,Bengaluru,18336,high,rice
red,9.6,Warangal,162990,medium,chilli
clay,3.7,Vijayawada,32093,medium,rice
red,3.0,Jaipur,13284,medium,millet
red,6.5,Pune,64001,medium,cotton
black,4.6,Vijayawada,52168,low,tomato
black,19.0,Hyderabad,137928,high,maize
loamy,6.3,Vijayawada,60640,medium,onion
black,3.5,Lucknow,20570,medium,soybean
red,11.7,Jaipur,65814,medium,groundnut
sandy,6.3,Pune,31193,medium,millet
black,19.7,Pune,149353,medium,soybean
loamy,1.9,Lucknow,19495,low,onion
black,7.2,Pune,49600,high,maize
loamy,10.7,Hyderabad,77087,medium,soybean
loamy,3.1,Lucknow,33566,medium,potato
loamy,14.7,Bengaluru,214355,high,tomato
loamy,19.0,Hyderabad,125156,medium,soybean
loamy,4.9,Pune,34225,medium,wheat
sandy,11.7,Vijayawada,79674,medium,onion
red,11.4,Warangal,162657,medium,chilli
red,6.7,Warangal,75247,medium,chilli
sandy,18.7,Warangal,114900,medium,groundnut
red,6.5,Warangal,25738,medium,groundnut
loamy,11.2,Pune,87411,medium,wheat
loamy,13.7,Vijayawada,111465,medium,onion
loamy,10.0,Nashik,104172,medium,onion
loamy,10.1,Vijayawada,178515,medium,chilli
red,15.6,Nashik,256866,medium,cotton
loamy,19.9,Vijayawada,169985,medium,chilli
loamy,12.5,Nashik,89017,high,tomato
red,16.4,Pune,83102,low,millet
red,7.4,Pune,23829,medium,millet
sandy,10.8,Nashik,86276,low,groundnut
loamy,5.7,Jaipur,64170,medium,wheat
red,11.9,Warangal,59247,medium,groundnut
sandy,4.0,Nashik,15098,low,groundnut
red,5.2,Bengaluru,61708,medium,chilli
black,9.9,Bengaluru,85141,high,maize
loamy,14.4,Warangal,171184,low,onion
sandy,11.2,Lucknow,130204,low,wheat
black,2.7,Pune,23485,medium,maize
loamy,11.7,Nashik,137208,medium,onion
sandy,12.0,Pune,93158,medium,onion
loamy,8.8,Hyderabad,107249,high,rice
black,8.1,Bengaluru,60046,high,maize
red,11.2,Nashik,107013,low,chilli
loamy,14.7,Nashik,130985,medium,onion
loamy,4.6,Bengaluru,53070,medium,tomato
loamy,12.3,Jaipur,94722,medium,wheat
loamy,5.5,Pune,36188,medium,potato
black,7.1,Nashik,91196,medium,cotton
loamy,13.5,Nashik,145025,medium,soybean
red,11.6,Pune,187978,medium,cotton
black,3.8,Nashik,57481,high,rice
loamy,16.3,Nashik,161171,medium,tomato
clay,7.3,Vijayawada,67035,high,rice
clay,8.2,Lucknow,61472,low,wheat
black,5.1,Hyderabad,49708,medium,soybean
clay,15.2,Hyderabad,145084,medium,cotton
red,7.1,Bengaluru,90997,high,potato
red,10.4,Warangal,55710,medium,groundnut
black,1.9,Bengaluru,18731,medium,wheat
black,7.3,Hyderabad,86643,medium,cotton
loamy,16.6,Vijayawada,189645,high,tomato
red,14.7,Bengaluru,185455,medium,chilli
loamy,8.8,Lucknow,58395,medium,potato
loamy,2.1,Warangal,30720,medium,chilli
red,8.8,Warangal,71162,medium,chilli
clay,16.3,Hyderabad,218491,medium,rice
loamy,5.8,Pune,30495,medium,maize
red,5.6,Delhi,26100,low,millet
black,11.5,Warangal,153088,medium,cotton
loamy,7.3,Vijayawada,85316,high,rice
sandy,18.6,Bengaluru,208922,low,wheat
red,1.3,Hyderabad,13535,high,chilli
red,11.8,Nashik,119524,medium,cotton
loamy,14.1,Vijayawada,124562,high,tomato
loamy,2.4,Delhi,25749,medium,wheat
loamy,19.9,Pune,182196,medium,soybean
loamy,12.8,Lucknow,140564,medium,potato
black,13.0,Pune,168747,medium,cotton
loamy,15.5,Nashik,171126,medium,tomato
loamy,1.5,Pune,17574,medium,wheat
red,15.8,Jaipur,61819,medium,millet
loamy,4.2,Lucknow,30334,high,onion
red,9.0,Jaipur,36862,low,groundnut
loamy,4.7,Lucknow,58742,medium,potato
loamy,9.4,Lucknow,95304,medium,wheat
red,14.2,Pune,159082,low,tomato
loamy,7.2,Delhi,86574,medium,potato
black,19.9,Warangal,133234,medium,groundnut
loamy,16.8,Pune,115473,high,maize
black,5.6,Jaipur,38215,high,wheat
red,12.1,Warangal,181821,medium,chilli
sandy,5.7,Pune,34848,medium,onion
loamy,2.9,Vijayawada,39561,medium,chilli
black,13.9,Nashik,182459,medium,cotton
loamy,19.3,Nashik,171233,medium,onion
loamy,4.9,Pune,46533,medium,wheat
loamy,6.7,Pune,79932,medium,potato
loamy,11.5,Jaipur,94265,medium,wheat
red,13.5,Delhi,43318,low,millet
loamy,14.4,Vijayawada,181874,high,tomato
black,9.7,Pune,124105,medium,cotton
red,12.2,Nashik,67670,medium,groundnut
red,2.6,Pune,15123,low,millet
loamy,3.7,Warangal,19238,high,maize
loamy,11.2,Bengaluru,105667,high,tomato
loamy,4.6,Vijayawada,66321,high,chilli
loamy,8.3,Delhi,64652,medium,potato
sandy,17.0,Vijayawada,194565,medium,onion
loamy,11.2,Delhi,71998,medium,potato
black,16.6,Warangal,95542,medium,maize
sandy,15.0,Pune,31548,medium,millet
red,16.5,Vijayawada,188835,medium,chilli
sandy,13.0,Bengaluru,163735,low,potato
loamy,6.3,Warangal,48736,medium,maize
sandy,19.7,Vijayawada,194541,medium,onion
loamy,14.3,Hyderabad,149666,medium,chilli
black,13.0,Bengaluru,93698,medium,maize
red,15.2,Bengaluru,140147,medium,chilli
red,14.9,Pune,9336,medium,millet
loamy,9.2,Pune,103157,medium,potato
red,11.8,Nashik,179048,medium,cotton
loamy,18.7,Lucknow,224845,medium,potato
loamy,4.0,Pune,33963,high,maize
red,13.3,Jaipur,72309,medium,groundnut
clay,2.8,Vijayawada,40855,high,rice
black,7.5,Hyderabad,60912,medium,cotton
black,8.3,Vijayawada,93467,high,wheat
loamy,15.3,Jaipur,153250,medium,wheat
loamy,9.4,Warangal,75196,medium,maize
black,2.9,Hyderabad,31457,medium,cotton
loamy,5.7,Pune,51996,medium,wheat
red,12.5,Bengaluru,149420,medium,chilli
red,5.6,Pune,81123,medium,cotton
loamy,16.9,Vijayawada,164433,medium,chilli
loamy,1.3,Nashik,9384,high,tomato
black,15.6,Nashik,253325,medium,cotton
loamy,10.7,Bengaluru,86622,medium,tomato
loamy,15.5,Nashik,203378,high,cotton
loamy,17.1,Bengaluru,234854,medium,chilli
clay,6.9,Vijayawada,96775,high,rice
loamy,4.1,Bengaluru,40173,medium,chilli
red,17.6,Delhi,49839,low,millet
loamy,6.0,Pune,51388,medium,wheat
loamy,17.3,Hyderabad,127328,medium,soybean
black,1.0,Warangal,5496,medium,maize
clay,19.2,Vijayawada,152966,medium,rice
clay,14.7,Vijayawada,136033,high,rice
red,2.0,Warangal,12580,medium,groundnut
sandy,7.2,Warangal,101750,medium,cotton
sandy,5.6,Pune,50307,medium,onion
red,5.7,Pune,31816,low,millet
sandy,14.2,Lucknow,149676,low,rice
sandy,3.0,Delhi,47022,high,rice
black,2.8,Hyderabad,19224,medium,onion
red,12.0,Nashik,150784,medium,cotton
sandy,19.3,Vijayawada,112252,medium,onion
red,5.4,Nashik,65711,medium,cotton
black,7.0,Warangal,71080,medium,cotton
loamy,3.3,Lucknow,36540,medium,wheat
clay,3.8,Hyderabad,21117,high,maize
black,16.6,Hyderabad,280138,high,cotton
black,16.3,Pune,75315,high,maize
loamy,14.0,Pune,80329,medium,maize
red,13.3,Warangal,117638,medium,chilli
black,18.6,Warangal,130590,medium,maize
black,4.3,Hyderabad,51670,medium,tomato
clay,12.8,Jaipur,127334,medium,cotton
red,8.3,Hyderabad,73033,medium,cotton
loamy,15.8,Bengaluru,184967,medium,tomato
red,7.1,Delhi,26782,medium,millet
red,12.1,Hyderabad,180764,medium,cotton
sandy,16.0,Bengaluru,183894,low,cotton
loamy,12.3,Vijayawada,101804,medium,rice
sandy,11.7,Nashik,66924,high,millet
black,2.7,Pune,27812,high,cotton
black,16.3,Warangal,190191,medium,cotton
red,18.4,Jaipur,54611,low,millet
clay,7.4,Nashik,75369,low,wheat
sandy,4.3,Pune,22329,medium,millet
sandy,14.9,Vijayawada,108743,medium,onion
sandy,7.0,Nashik,22485,medium,groundnut
black,5.5,Pune,39436,medium,soybean
sandy,5.7,Delhi,11825,medium,millet
loamy,9.0,Delhi,90525,medium,wheat
black,16.7,Nashik,126559,medium,maize
black,1.6,Nashik,8772,medium,soybean
loamy,14.9,Vijayawada,108531,high,rice
sandy,13.4,Jaipur,72443,medium,onion
loamy,4.6,Warangal,32981,low,soybean
sandy,8.5,Pune,68963,medium,onion
loamy,6.6,Nashik,33329,low,onion
red,13.1,Warangal,109217,medium,chilli
loamy,13.6,Pune,151947,medium,wheat
loamy,9.5,Lucknow,94996,medium,wheat
red,15.3,Warangal,102476,low,groundnut
red,17.0,Bengaluru,186694,medium,chilli
sandy,18.2,Pune,162289,medium,onion
loamy,19.5,Vijayawada,143543,high,rice
red,16.8,Hyderabad,161538,medium,cotton
sandy,7.2,Warangal,47851,low,groundnut
sandy,11.8,Jaipur,67448,medium,groundnut
black,6.4,Hyderabad,64696,medium,soybean
black,10.0,Delhi,113646,medium,onion
loamy,14.1,Warangal,95403,high,maize
clay,6.9,Hyderabad,71859,medium,rice
sandy,15.7,Vijayawada,170222,low,potato
red,16.7,Jaipur,81743,low,millet
loamy,14.5,Pune,117212,medium,potato
loamy,1.6,Nashik,14825,medium,tomato
loamy,13.1,Nashik,158308,medium,rice
loamy,17.5,Pune,189822,medium,wheat
loamy,6.4,Nashik,54402,medium,soybean
loamy,6.1,Vijayawada,60697,medium,tomato
loamy,1.2,Nashik,11124,high,tomato
red,5.8,Warangal,37556,medium,groundnut
loamy,11.7,Lucknow,153934,medium,potato
loamy,6.3,Nashik,34134,medium,soybean
clay,15.5,Pune,50133,high,millet
red,1.5,Nashik,22384,medium,rice
clay,12.1,Delhi,134176,medium,potato
clay,15.9,Bengaluru,151015,high,soybean
red,2.9,Bengaluru,44419,medium,chilli
loamy,15.1,Warangal,82391,high,maize
red,17.2,Warangal,117603,medium,groundnut
loamy,13.9,Lucknow,174581,medium,potato
loamy,19.8,Nashik,150978,medium,onion
loamy,4.4,Delhi,45583,medium,potato
red,4.0,Warangal,40839,medium,chilli
loamy,1.1,Pune,12248,medium,wheat
sandy,13.9,Pune,166246,medium,onion
loamy,10.6,Vijayawada,102711,medium,chilli
sandy,12.3,Warangal,73649,medium,groundnut
sandy,4.1,Delhi,17852,medium,millet
loamy,4.2,Nashik,30606,medium,tomato
sandy,12.8,Pune,47055,medium,millet
sandy,8.9,Hyderabad,47312,high,soybean
loamy,14.0,Vijayawada,126097,high,tomato
loamy,9.0,Bengaluru,125442,medium,rice
loamy,12.6,Delhi,80549,medium,wheat
loamy,11.4,Delhi,56265,medium,groundnut
red,2.7,Pune,21696,medium,cotton
black,14.7,Warangal,172092,low,wheat
red,16.5,Warangal,99702,medium,groundnut
clay,2.8,Nashik,32434,high,rice
loamy,17.7,Vijayawada,184862,high,rice
loamy,9.7,Delhi,99454,medium,wheat
loamy,14.2,Vijayawada,130441,high,tomato
loamy,11.8,Delhi,162167,low,rice
loamy,10.2,Pune,53384,medium,potato
loamy,7.0,Lucknow,47810,medium,potato
loamy,12.7,Bengaluru,188676,medium,chilli
loamy,16.7,Bengaluru,201144,high,tomato
black,15.3,Nashik,163676,medium,soybean
red,8.2,Pune,28367,low,millet
red,3.3,Warangal,47959,medium,cotton
loamy,11.4,Delhi,130012,medium,potato
loamy,2.0,Pune,18935,medium,wheat
clay,14.6,Jaipur,253940,high,cotton
loamy,11.4,Lucknow,109077,medium,wheat
sandy,3.0,Delhi,10806,low,millet
black,14.6,Pune,105762,medium,soybean
loamy,19.2,Pune,211104,medium,wheat
sandy,10.2,Hyderabad,96494,high,maize
loamy,13.5,Vijayawada,90215,medium,onion
red,6.2,Delhi,53430,medium,soybean
black,17.8,Vijayawada,83745,low,millet
sandy,6.5,Nashik,50365,medium,onion
loamy,13.1,Vijayawada,69458,high,millet
loamy,3.0,Lucknow,35885,medium,wheat
loamy,3.8,Bengaluru,33255,medium,tomato
clay,9.6,Bengaluru,61664,high,rice
red,15.9,Lucknow,120022,low,soybean
sandy,19.4,Warangal,112112,medium,groundnut
clay,15.3,Bengaluru,186923,high,rice
loamy,14.0,Pune,152356,medium,onion
red,11.6,Delhi,49487,low,maize
black,3.9,Hyderabad,27518,medium,maize
red,11.5,Pune,82970,low,maize
loamy,10.6,Jaipur,125330,medium,wheat
loamy,7.3,Bengaluru,73541,medium,tomato
red,5.6,Jaipur,41349,low,groundnut
loamy,16.1,Bengaluru,196523,medium,chilli
loamy,10.2,Lucknow,129142,medium,wheat
loamy,19.5,Lucknow,51413,medium,groundnut
loamy,16.9,Vijayawada,144900,medium,onion
red,7.3,Pune,60671,medium,cotton
loamy,8.4,Delhi,72702,medium,wheat
red,1.1,Vijayawada,18507,medium,chilli
black,16.0,Nashik,132723,medium,soybean
red,10.0,Warangal,37912,medium,groundnut
sandy,17.9,Vijayawada,123302,medium,onion
loamy,12.3,Warangal,105133,medium,chilli
loamy,18.2,Nashik,173023,medium,onion
loamy,4.4,Vijayawada,36575,medium,onion
red,2.3,Lucknow,12602,medium,soybean
loamy,5.5,Lucknow,36742,medium,wheat
sandy,13.5,Warangal,80368,medium,groundnut
loamy,5.7,Nashik,34798,medium,soybean
red,7.3,Nashik,71249,medium,cotton
loamy,12.5,Delhi,92830,medium,potato
loamy,12.9,Bengaluru,60952,high,groundnut
red,5.0,Hyderabad,51550,high,wheat
clay,15.7,Vijayawada,174967,high,rice
sandy,5.5,Warangal,34600,medium,groundnut
black,11.8,Pune,72853,medium,soybean
black,5.4,Warangal,29343,high,maize
sandy,18.4,Nashik,98760,low,groundnut
clay,6.2,Bengaluru,79568,high,rice
sandy,13.4,Nashik,73440,medium,groundnut
loamy,10.3,Pune,101831,medium,wheat
sandy,2.5,Vijayawada,29414,high,potato
loamy,16.5,Warangal,210335,medium,chilli
red,5.0,Vijayawada,84251,medium,chilli
black,12.3,Pune,52675,medium,maize
loamy,4.4,Warangal,22396,medium,maize
loamy,19.9,Nashik,195792,high,tomato
loamy,10.7,Pune,89706,medium,potato
black,3.5,Warangal,19271,high,maize
clay,18.1,Bengaluru,131445,high,rice
black,12.5,Nashik,116515,medium,soybean
black,9.2,Delhi,113406,high,rice
loamy,5.8,Pune,42227,medium,potato
sandy,1.1,Lucknow,14691,medium,cotton
loamy,16.3,Vijayawada,237640,high,rice
loamy,17.2,Vijayawada,252365,high,tomato
loamy,11.6,Nashik,144027,high,tomato
black,14.4,Hyderabad,112112,high,maize
sandy,19.0,Bengaluru,131609,high,maize
loamy,13.1,Delhi,93099,medium,wheat
black,5.2,Delhi,32007,high,wheat
loamy,13.2,Lucknow,64701,medium,wheat
loamy,5.4,Lucknow,68535,medium,potato
black,6.2,Warangal,31197,medium,maize
loamy,15.0,Vijayawada,144381,high,tomato
red,16.5,Lucknow,157779,medium,wheat
black,4.3,Hyderabad,66802,medium,cotton
loamy,17.6,Pune,109514,medium,onion
loamy,15.4,Hyderabad,125808,medium,soybean
loamy,13.0,Lucknow,121929,medium,potato
black,1.2,Hyderabad,15153,medium,cotton
sandy,11.5,Nashik,73662,medium,groundnut
black,10.5,Hyderabad,46662,medium,maize
black,5.7,Pune,62723,medium,cotton
black,12.7,Pune,135351,medium,soybean
black,17.5,Nashik,231318,medium,onion
loamy,16.2,Lucknow,124428,medium,potato
sandy,9.7,Nashik,99966,high,potato
loamy,8.2,Delhi,42269,medium,wheat
loamy,19.2,Lucknow,155677,medium,wheat
red,8.1,Jaipur,38445,medium,millet
loamy,16.3,Vijayawada,159166,medium,tomato
sandy,1.2,Nashik,8352,medium,onion
loamy,11.8,Bengaluru,121414,high,tomato
loamy,13.0,Nashik,134329,medium,tomato
loamy,8.8,Delhi,82524,medium,potato
red,7.7,Lucknow,23169,low,millet
red,13.0,Vijayawada,208564,medium,chilli
clay,4.1,Delhi,33134,medium,maize
red,15.2,Hyderabad,181415,medium,cotton
black,5.5,Vijayawada,29164,low,onion
sandy,2.2,Vijayawada,12324,low,groundnut
loamy,12.7,Pune,90055,medium,potato
loamy,9.4,Jaipur,77480,medium,wheat
loamy,18.4,Warangal,153614,medium,maize
loamy,9.7,Lucknow,80707,medium,potato
black,11.3,Lucknow,149329,high,chilli
loamy,1.0,Lucknow,7041,medium,wheat
black,1.2,Bengaluru,10741,medium,maize
loamy,17.8,Vijayawada,211773,medium,tomato
loamy,9.0,Bengaluru,89020,high,tomato
red,2.3,Nashik,30847,medium,cotton
black,4.6,Hyderabad,39516,high,maize
loamy,14.6,Hyderabad,141584,high,rice
loamy,6.9,Vijayawada,61041,high,rice
black,15.3,Hyderabad,158027,high,potato
black,17.0,Bengaluru,88230,medium,maize
sandy,9.4,Bengaluru,113209,high,tomato
loamy,6.9,Vijayawada,76591,high,rice
sandy,4.8,Delhi,24737,low,millet
loamy,1.3,Bengaluru,18584,low,rice
red,14.1,Jaipur,46180,low,groundnut
black,12.8,Pune,105935,medium,soybean
red,3.4,Bengaluru,51101,medium,chilli
red,7.8,Pune,64582,medium,cotton
loamy,14.2,Bengaluru,108823,high,maize
red,18.4,Hyderabad,248988,medium,cotton
loamy,9.6,Pune,81135,medium,onion
loamy,5.5,Bengaluru,70246,medium,chilli
loamy,7.1,Pune,49843,medium,wheat
loamy,1.6,Warangal,15521,medium,chilli
loamy,14.3,Pune,163323,medium,wheat
sandy,18.6,Jaipur,81241,low,groundnut
loamy,2.1,Pune,20658,medium,wheat
black,2.8,Nashik,19361,medium,soybean
black,4.4,Pune,68074,medium,cotton
loamy,9.1,Vijayawada,100212,medium,onion
loamy,12.4,Lucknow,87707,medium,wheat
red,9.2,Nashik,43260,medium,millet
sandy,9.6,Pune,35184,medium,millet
loamy,19.9,Vijayawada,143550,high,tomato
sandy,18.9,Warangal,59387,low,groundnut
red,7.8,Vijayawada,28218,high,groundnut
loamy,11.8,Hyderabad,109921,medium,maize
sandy,10.3,Nashik,105020,high,soybean
sandy,11.9,Pune,62413,high,soybean
loamy,17.5,Pune,161861,medium,wheat
black,7.1,Warangal,85163,medium,cotton
black,8.5,Pune,80024,medium,soybean
loamy,3.8,Delhi,37233,medium,potato
sandy,9.3,Delhi,23783,medium,millet
black,4.7,Bengaluru,30975,medium,maize
red,9.2,Bengaluru,50318,low,soybean
sandy,4.6,Delhi,62336,low,chilli
sandy,19.8,Jaipur,84977,medium,millet
loamy,4.0,Lucknow,34468,medium,potato
loamy,14.2,Jaipur,124542,medium,wheat
loamy,5.0,Lucknow,38697,medium,wheat
sandy,13.7,Vijayawada,93880,medium,onion
loamy,16.0,Nashik,124604,high,tomato
loamy,13.6,Pune,102639,medium,soybean
loamy,19.6,Vijayawada,323631,medium,chilli
sandy,4.8,Jaipur,57442,medium,onion
loamy,10.3,Lucknow,133271,medium,potato
black,6.2,Hyderabad,42363,high,maize
clay,7.5,Bengaluru,72543,high,rice
loamy,11.9,Vijayawada,118771,high,tomato
red,13.4,Jaipur,189033,medium,tomato
black,11.0,Nashik,104634,medium,soybean
loamy,19.0,Hyderabad,84443,medium,maize
loamy,9.4,Lucknow,97899,medium,wheat
clay,1.5,Bengaluru,14099,low,chilli
black,2.5,Pune,23761,medium,soybean
loamy,3.6,Lucknow,39882,medium,potato
red,13.8,Nashik,185110,medium,cotton
black,7.2,Hyderabad,115832,medium,cotton
black,8.5,Hyderabad,93377,medium,potato
black,17.7,Nashik,111014,medium,soybean
red,19.3,Hyderabad,284960,medium,cotton
red,6.6,Nashik,92708,medium,cotton
loamy,10.5,Bengaluru,125164,medium,rice
loamy,4.4,Bengaluru,26927,high,maize
loamy,13.3,Warangal,88296,medium,soybean
loamy,7.9,Warangal,68162,medium,maize
loamy,4.2,Vijayawada,41952,medium,onion
sandy,2.0,Jaipur,6344,low,millet
red,3.5,Nashik,14644,medium,groundnut
red,16.3,Hyderabad,262172,medium,cotton
loamy,2.5,Jaipur,19934,low,soybean
loamy,13.4,Pune,83230,medium,soybean
loamy,8.9,Vijayawada,63629,medium,rice
black,18.7,Bengaluru,166631,medium,maize
loamy,17.0,Pune,100075,medium,wheat
loamy,11.0,Lucknow,102465,medium,wheat
black,18.7,Hyderabad,327070,medium,cotton
red,18.6,Nashik,131840,medium,groundnut
loamy,14.5,Pune,156469,medium,soybean
black,8.9,Warangal,163610,medium,cotton
sandy,5.8,Pune,19246,low,millet
loamy,14.8,Delhi,138652,medium,wheat
loamy,13.8,Nashik,144408,low,soybean
loamy,18.0,Lucknow,244015,medium,potato
loamy,13.9,Pune,137935,medium,potato
loamy,17.0,Pune,96998,medium,onion
red,17.4,Delhi,56167,low,millet
red,17.7,Warangal,101105,low,groundnut
red,8.1,Pune,32247,low,millet
loamy,18.2,Bengaluru,115147,medium,rice
black,2.9,Hyderabad,14323,high,maize
loamy,14.6,Vijayawada,79993,medium,onion
sandy,17.9,Vijayawada,109927,medium,onion
loamy,4.7,Lucknow,36426,medium,wheat
red,3.2,Warangal,12730,low,groundnut
black,6.1,Hyderabad,44504,medium,soybean
sandy,9.4,Warangal,80479,low,groundnut
loamy,8.4,Bengaluru,36560,medium,maize
black,4.8,Nashik,33828,high,soybean
sandy,2.8,Vijayawada,28802,medium,chilli
red,18.0,Jaipur,80398,medium,groundnut
black,1.6,Nashik,8205,low,groundnut
loamy,12.5,Lucknow,121245,medium,potato
black,16.1,Hyderabad,123078,medium,maize
sandy,19.5,Vijayawada,159783,medium,onion
loamy,11.3,Bengaluru,163108,high,tomato
black,7.2,Warangal,113483,medium,cotton
loamy,14.0,Delhi,82770,medium,wheat
loamy,2.7,Nashik,24912,medium,soybean
sandy,8.4,Vijayawada,58536,low,maize
black,13.9,Nashik,121447,medium,soybean
loamy,10.7,Vijayawada,76038,medium,tomato
sandy,11.6,Lucknow,50436,medium,maize
red,8.5,Jaipur,41048,low,millet
red,4.3,Delhi,23961,medium,millet
black,17.6,Bengaluru,88193,high,maize
loamy,19.5,Pune,186989,medium,maize
black,10.7,Bengaluru,86503,high,maize
black,1.1,Bengaluru,8178,medium,onion
loamy,11.4,Lucknow,108630,high,potato
sandy,10.1,Pune,44595,medium,millet
loamy,5.7,Delhi,59503,medium,wheat
loamy,15.8,Bengaluru,161125,medium,chilli
loamy,6.5,Delhi,68616,medium,potato
clay,4.2,Hyderabad,59842,medium,rice
clay,10.6,Vijayawada,130950,high,rice
red,12.5,Warangal,38662,medium,groundnut
loamy,5.5,Pune,36916,medium,soybean
loamy,16.6,Warangal,82179,high,maize
loamy,4.2,Lucknow,49431,medium,potato
loamy,3.2,Hyderabad,21544,medium,soybean
black,5.4,Bengaluru,56049,high,maize
red,6.5,Warangal,84696,medium,chilli
loamy,19.2,Lucknow,248901,medium,potato
loamy,13.4,Bengaluru,136331,high,tomato
loamy,19.9,Vijayawada,227305,medium,tomato
sandy,3.0,Jaipur,14085,low,millet
loamy,2.7,Lucknow,17404,medium,potato
black,12.5,Hyderabad,72327,medium,soybean
loamy,9.9,Vijayawada,93208,medium,tomato
loamy,2.4,Lucknow,20094,medium,wheat
clay,2.3,Vijayawada,21778,high,rice
black,9.2,Warangal,90947,medium,cotton
loamy,11.9,Pune,62217,medium,soybean
sandy,18.7,Jaipur,136109,medium,groundnut
loamy,14.4,Vijayawada,223657,medium,chilli
loamy,19.1,Pune,171139,medium,potato
loamy,13.0,Pune,129599,medium,potato
red,4.4,Vijayawada,51921,medium,chilli
loamy,7.8,Delhi,57715,medium,rice
black,1.5,Bengaluru,10251,high,wheat
loamy,11.1,Hyderabad,102304,medium,soybean
sandy,14.7,Nashik,98998,low,potato
loamy,2.4,Vijayawada,35024,medium,tomato
loamy,3.5,Warangal,19566,high,maize
black,12.2,Bengaluru,97668,medium,maize
loamy,16.9,Jaipur,178910,medium,wheat
loamy,12.3,Vijayawada,132776,medium,chilli
red,11.5,Delhi,35663,low,millet
loamy,1.3,Lucknow,14209,medium,potato
loamy,16.3,Lucknow,158416,medium,potato
loamy,8.8,Pune,84050,medium,potato
loamy,7.6,Bengaluru,60684,medium,maize
loamy,17.4,Bengaluru,126219,high,rice
sandy,16.1,Pune,91695,medium,onion
black,1.8,Vijayawada,18169,medium,chilli
loamy,17.9,Vijayawada,221630,medium,chilli
loamy,3.2,Lucknow,20418,medium,potato
red,7.2,Pune,128103,medium,cotton
loamy,5.2,Pune,39628,medium,wheat
loamy,4.4,Lucknow,43186,medium,potato
sandy,1.6,Delhi,5320,medium,millet
black,15.4,Nashik,123280,medium,soybean
red,2.6,Vijayawada,39214,low,cotton
loamy,9.1,Pune,78796,medium,onion
red,19.6,Pune,318645,medium,cotton
red,16.4,Delhi,212566,low,rice
loamy,7.8,Delhi,71753,medium,wheat
black,14.4,Hyderabad,241473,medium,cotton
black,14.4,Nashik,144838,medium,soybean
black,8.3,Warangal,80000,high,maize
red,4.9,Delhi,27218,medium,millet
red,2.0,Bengaluru,33685,medium,chilli
loamy,14.4,Bengaluru,133879,high,tomato
loamy,13.3,Pune,108099,medium,onion
loamy,6.1,Bengaluru,43310,high,soybean
loamy,10.5,Vijayawada,131510,medium,chilli
loamy,17.8,Lucknow,104308,medium,wheat
loamy,3.1,Delhi,19943,medium,wheat
loamy,18.7,Hyderabad,154798,medium,maize
loamy,17.6,Delhi,149212,medium,potato
red,13.5,Nashik,180846,high,cotton
red,16.0,Delhi,91478,medium,millet
loamy,1.9,Hyderabad,11187,high,maize
sandy,19.5,Pune,107409,low,millet
loamy,3.4,Warangal,35034,medium,chilli
sandy,8.1,Nashik,32775,low,groundnut
red,10.5,Warangal,55929,medium,onion
clay,10.6,Hyderabad,93701,low,maize
red,11.7,Bengaluru,195869,medium,chilli
loamy,3.2,Lucknow,25047,medium,potato
loamy,12.6,Vijayawada,90871,medium,rice
black,17.1,Pune,141851,medium,cotton
loamy,12.5,Warangal,180357,medium,chilli
clay,8.3,Vijayawada,131194,medium,rice
clay,14.8,Vijayawada,197630,medium,rice
loamy,14.8,Delhi,132081,medium,potato
loamy,17.5,Nashik,192052,medium,tomato
red,6.2,Jaipur,29037,low,millet
loamy,11.5,Pune,108725,medium,maize
clay,9.8,Pune,122266,high,rice
loamy,3.4,Vijayawada,52674,medium,rice
black,3.3,Jaipur,54288,low,chilli
sandy,17.5,Nashik,107604,medium,groundnut
loamy,5.9,Bengaluru,91686,medium,chilli
loamy,2.0,Hyderabad,11775,medium,soybean
red,18.8,Delhi,73534,low,millet
loamy,17.6,Vijayawada,126554,medium,onion
red,16.6,Warangal,249076,medium,chilli
clay,18.3,Vijayawada,208620,medium,rice
loamy,2.5,Delhi,26175,medium,wheat
black,16.5,Pune,140725,medium,maize
loamy,16.5,Hyderabad,115443,medium,soybean
black,19.6,Nashik,188998,medium,cotton
loamy,1.8,Nashik,24024,medium,tomato
loamy,6.7,Delhi,55718,medium,wheat
loamy,7.7,Bengaluru,66386,high,rice
loamy,10.6,Lucknow,70905,medium,wheat
loamy,15.3,Jaipur,133021,medium,wheat
sandy,14.3,Lucknow,218455,low,rice
loamy,10.8,Hyderabad,70068,medium,maize
loamy,10.4,Bengaluru,87836,medium,tomato
sandy,6.4,Delhi,33506,low,millet
loamy,17.3,Hyderabad,132673,medium,soybean
black,13.8,Nashik,142830,high,cotton
red,14.2,Warangal,140281,medium,chilli
loamy,12.3,Lucknow,93595,medium,wheat
loamy,15.4,Bengaluru,225258,high,tomato
clay,3.8,Delhi,54533,medium,chilli
loamy,3.6,Delhi,32491,medium,potato
loamy,13.9,Delhi,102128,medium,wheat
loamy,6.6,Bengaluru,60688,medium,maize
loamy,19.8,Pune,87884,medium,potato
loamy,4.4,Pune,48509,medium,wheat
clay,6.9,Vijayawada,99648,high,chilli
loamy,11.9,Vijayawada,169674,high,tomato
loamy,19.4,Delhi,183372,medium,potato
loamy,3.4,Pune,17626,medium,soybean
sandy,19.8,Delhi,52228,medium,millet
loamy,18.3,Nashik,202957,medium,tomato
sandy,1.7,Vijayawada,8938,medium,wheat
red,9.9,Delhi,113796,high,chilli
black,16.4,Delhi,167706,high,rice
loamy,4.2,Pune,49623,medium,wheat
red,17.0,Warangal,96186,low,groundnut
sandy,14.6,Pune,129531,medium,onion
loamy,9.1,Pune,89422,medium,soybean
red,8.9,Delhi,49293,medium,millet
red,17.4,Jaipur,123794,low,groundnut
loamy,18.8,Hyderabad,175471,medium,soybean
loamy,15.2,Vijayawada,151033,medium,chilli
black,8.8,Warangal,62958,medium,groundnut
red,4.6,Warangal,20988,low,groundnut
red,13.3,Hyderabad,214172,medium,cotton
clay,6.3,Hyderabad,59136,high,rice
loamy,7.0,Nashik,29924,medium,onion
black,5.5,Warangal,24871,medium,groundnut
black,12.4,Nashik,133882,medium,soybean
red,4.3,Delhi,14742,low,millet
red,19.0,Warangal,123424,low,groundnut
red,14.6,Delhi,43064,low,millet
sandy,11.5,Nashik,85113,low,groundnut
red,1.1,Nashik,5604,low,groundnut
clay,17.3,Warangal,174491,medium,tomato
clay,17.5,Delhi,160524,high,maize
loamy,16.7,Pune,170236,medium,potato
red,9.6,Nashik,76035,medium,groundnut
loamy,4.8,Bengaluru,37361,medium,rice
sandy,19.4,Jaipur,89934,low,groundnut
red,6.0,Vijayawada,78868,medium,chilli
red,4.5,Warangal,40977,medium,chilli
red,18.2,Hyderabad,123756,low,tomato
loamy,3.8,Delhi,44162,medium,potato
sandy,18.5,Pune,100751,low,millet
black,17.4,Bengaluru,150729,low,potato
red,5.1,Jaipur,39571,medium,groundnut
sandy,1.5,Jaipur,8515,medium,groundnut
red,9.7,Warangal,66154,low,groundnut
clay,14.5,Bengaluru,127330,medium,rice
black,18.3,Pune,151297,medium,soybean
red,12.8,Hyderabad,64448,high,soybean
clay,5.9,Lucknow,19289,low,groundnut
sandy,11.1,Nashik,68542,medium,onion
black,15.2,Pune,108117,medium,maize
loamy,4.1,Vijayawada,45520,high,tomato
loamy,5.4,Lucknow,45771,medium,potato
loamy,1.8,Vijayawada,15775,medium,rice
red,14.7,Jaipur,76892,medium,millet
loamy,16.6,Hyderabad,108195,medium,maize
red,4.4,Hyderabad,37167,low,soybean
loamy,19.6,Lucknow,104667,medium,wheat
loamy,16.8,Jaipur,90357,medium,wheat
red,19.1,Vijayawada,163774,medium,chilli
red,7.1,Bengaluru,15429,low,millet
clay,19.3,Vijayawada,180346,high,rice
loamy,15.3,Bengaluru,187795,medium,tomato
red,3.5,Vijayawada,49067,medium,chilli
red,6.1,Vijayawada,91259,medium,chilli
loamy,9.1,Hyderabad,56612,medium,soybean
clay,18.7,Bengaluru,280399,high,rice
loamy,16.2,Pune,173864,medium,onion
sandy,11.8,Jaipur,75850,medium,groundnut
loamy,9.8,Vijayawada,103580,medium,onion
clay,3.2,Warangal,32119,medium,soybean
loamy,14.4,Warangal,130919,medium,chilli
red,18.4,Pune,68760,medium,millet
loamy,1.1,Warangal,7527,high,maize
loamy,16.4,Pune,186622,medium,wheat
loamy,4.6,Pune,26770,medium,soybean
loamy,13.3,Hyderabad,163669,high,rice
red,3.8,Warangal,41587,low,tomato
loamy,1.4,Vijayawada,19496,medium,tomato
loamy,1.1,Pune,12247,medium,potato
black,11.5,Jaipur,179222,medium,chilli
red,18.8,Nashik,129219,medium,groundnut
loamy,6.1,Delhi,61852,medium,potato
red,9.5,Vijayawada,156124,medium,chilli
loamy,10.6,Bengaluru,121972,medium,tomato
clay,19.2,Jaipur,123217,high,soybean
red,14.1,Warangal,227723,medium,chilli
loamy,2.9,Jaipur,20441,medium,wheat
black,20.0,Bengaluru,194900,medium,tomato
clay,1.6,Vijayawada,7111,high,millet
loamy,19.9,Delhi,157950,medium,wheat
red,3.0,Pune,16132,low,millet
black,12.6,Warangal,93086,medium,rice
sandy,17.5,Warangal,125814,high,wheat
red,2.9,Pune,15271,medium,millet
loamy,5.7,Warangal,67250,medium,chilli
loamy,8.9,Delhi,96844,medium,potato
loamy,18.4,Warangal,193527,medium,chilli
red,15.6,Nashik,99684,high,potato
sandy,9.2,Nashik,85939,medium,onion
loamy,8.6,Vijayawada,125221,medium,tomato
red,12.6,Vijayawada,120483,medium,chilli
black,16.4,Bengaluru,140561,medium,maize
loamy,8.4,Warangal,71268,medium,chilli
black,10.9,Warangal,80149,medium,maize
loamy,19.8,Warangal,237279,medium,chilli
loamy,13.4,Lucknow,88745,medium,wheat
loamy,11.7,Lucknow,115897,medium,wheat
loamy,16.5,Vijayawada,193535,medium,chilli
loamy,4.7,Pune,33597,medium,soybean
sandy,9.1,Delhi,23086,medium,millet
black,12.2,Hyderabad,102914,medium,maize
sandy,14.9,Vijayawada,175194,medium,onion
loamy,3.5,Vijayawada,46738,high,tomato
sandy,15.2,Bengaluru,166734,high,onion
loamy,6.5,Nashik,42797,medium,onion
sandy,1.5,Pune,13462,medium,onion
black,4.5,Hyderabad,44218,medium,maize
loamy,6.9,Lucknow,79165,medium,potato
black,9.8,Vijayawada,76592,medium,potato
loamy,18.1,Lucknow,205778,medium,potato
red,11.9,Pune,8834,medium,millet
sandy,15.4,Jaipur,108640,low,groundnut
loamy,19.3,Pune,163887,medium,soybean
sandy,8.6,Jaipur,55870,medium,groundnut
loamy,17.3,Vijayawada,144728,medium,rice
sandy,3.7,Jaipur,20537,low,millet
sandy,12.7,Warangal,94579,medium,groundnut
sandy,8.8,Delhi,23293,medium,millet
sandy,12.1,Jaipur,43199,low,millet
loamy,11.5,Delhi,78137,medium,potato
loamy,12.1,Delhi,103186,medium,wheat
loamy,13.1,Pune,142074,medium,wheat
black,9.1,Pune,102040,medium,cotton
loamy,4.2,Vijayawada,36923,medium,onion
black,7.7,Pune,114828,medium,rice
red,6.7,Warangal,100502,medium,chilli
loamy,19.2,Bengaluru,187461,high,tomato
clay,13.6,Pune,67548,high,millet
red,1.0,Jaipur,5000,medium,millet
loamy,11.2,Delhi,138980,medium,potato
loamy,16.4,Bengaluru,157728,medium,chilli
black,4.7,Pune,37751,medium,soybean
loamy,2.7,Bengaluru,41297,medium,rice
black,10.4,Nashik,76739,medium,soybean
black,10.5,Pune,112360,medium,soybean
loamy,5.9,Pune,52443,medium,maize
red,19.8,Pune,87290,high,soybean
red,18.9,Warangal,257005,medium,chilli
clay,10.8,Delhi,103591,medium,rice
loamy,9.5,Lucknow,105754,medium,potato
clay,19.6,Bengaluru,113895,high,rice
loamy,12.9,Vijayawada,145966,low,tomato
loamy,10.0,Lucknow,82820,medium,wheat
clay,12.8,Bengaluru,31715,high,millet
loamy,17.9,Delhi,97322,medium,wheat
loamy,9.2,Delhi,82352,medium,wheat
loamy,15.3,Pune,157051,medium,wheat
red,9.1,Jaipur,118591,low,cotton
loamy,4.7,Nashik,39431,medium,soybean
loamy,9.0,Jaipur,105031,medium,wheat
black,12.1,Pune,65296,medium,soybean
clay,6.9,Lucknow,47669,medium,onion
sandy,16.9,Jaipur,60089,low,millet
loamy,7.5,Bengaluru,64783,high,rice
red,9.0,Bengaluru,138450,medium,chilli
loamy,14.2,Pune,57143,high,maize
loamy,4.9,Pune,52962,medium,potato
sandy,11.5,Hyderabad,51556,medium,maize
loamy,6.4,Warangal,26844,high,maize
loamy,1.4,Lucknow,15713,medium,cotton
sandy,17.8,Vijayawada,97600,high,groundnut
clay,18.9,Bengaluru,67008,medium,millet
sandy,4.6,Vijayawada,46127,low,soybean
loamy,4.6,Vijayawada,55449,high,tomato
loamy,6.3,Nashik,35897,medium,onion
red,9.9,Bengaluru,86787,medium,maize
loamy,10.9,Bengaluru,159942,medium,chilli
black,8.6,Bengaluru,61101,high,maize
black,5.2,Pune,44496,medium,soybean
red,3.6,Nashik,37209,low,tomato
loamy,7.4,Delhi,82125,medium,wheat
loamy,1.5,Delhi,15232,medium,potato
loamy,11.4,Lucknow,127917,medium,potato
loamy,11.4,Delhi,67659,medium,wheat
red,12.5,Delhi,47482,medium,millet
red,16.6,Hyderabad,150173,medium,maize
red,19.8,Hyderabad,261094,high,tomato
loamy,12.2,Bengaluru,86732,low,maize
sandy,15.6,Nashik,154649,medium,onion
loamy,3.4,Bengaluru,29992,medium,tomato
clay,15.3,Hyderabad,175855,medium,rice
loamy,11.8,Nashik,84707,medium,onion
red,11.2,Delhi,53262,medium,soybean
red,13.8,Nashik,127263,medium,cotton
black,19.3,Pune,102367,medium,maize
red,1.2,Warangal,5000,low,groundnut
black,8.9,Vijayawada,24257,medium,millet
loamy,14.5,Jaipur,131370,medium,wheat
loamy,1.1,Pune,13217,medium,potato
black,10.3,Hyderabad,102645,medium,maize
loamy,17.0,Pune,203673,medium,potato
sandy,9.7,Jaipur,48581,medium,groundnut
loamy,17.5,Bengaluru,150013,medium,chilli
red,18.1,Warangal,137100,medium,groundnut
loamy,15.8,Lucknow,116588,medium,potato
loamy,2.4,Vijayawada,18204,medium,tomato
red,1.7,Bengaluru,23517,medium,chilli
sandy,9.8,Nashik,77482,medium,groundnut
loamy,4.2,Jaipur,42957,medium,wheat
loamy,4.2,Hyderabad,54632,medium,rice
red,14.6,Vijayawada,185323,medium,chilli
red,14.6,Bengaluru,216859,medium,chilli
loamy,8.2,Delhi,41500,medium,wheat
clay,1.5,Bengaluru,13796,low,cotton
loamy,16.8,Hyderabad,122068,high,rice
loamy,11.7,Warangal,109338,high,maize
red,7.8,Warangal,86160,medium,cotton
black,2.3,Bengaluru,12406,medium,maize
red,15.6,Jaipur,69142,low,groundnut
sandy,2.8,Lucknow,23092,high,potato
black,15.5,Vijayawada,64728,high,millet
black,12.1,Nashik,25598,low,millet
loamy,18.0,Nashik,131004,medium,tomato
red,8.1,Nashik,28513,low,groundnut
red,14.8,Nashik,48076,low,groundnut
loamy,15.4,Delhi,156494,medium,potato
sandy,7.5,Nashik,61294,medium,onion
black,9.4,Hyderabad,139449,medium,cotton
clay,3.7,Hyderabad,24726,high,rice
black,14.8,Pune,216831,medium,cotton
sandy,6.8,Warangal,28262,low,groundnut
black,8.6,Nashik,50573,medium,soybean
black,1.4,Pune,14741,high,maize
loamy,14.8,Vijayawada,207806,high,tomato
red,10.1,Warangal,55129,medium,groundnut
red,17.4,Jaipur,56421,low,millet
red,6.8,Pune,30228,medium,millet
black,15.5,Nashik,134952,medium,soybean
red,2.1,Nashik,15775,medium,groundnut
loamy,13.0,Jaipur,101667,low,tomato
loamy,5.8,Bengaluru,75025,medium,chilli
black,14.5,Pune,145762,medium,soybean
loamy,14.1,Bengaluru,124511,medium,tomato
black,18.6,Pune,193347,high,onion
loamy,14.3,Lucknow,119465,medium,wheat
black,8.9,Warangal,61547,low,rice
loamy,3.6,Nashik,42878,medium,tomato
loamy,2.1,Pune,18451,medium,potato
loamy,12.9,Delhi,88857,medium,maize
red,7.5,Vijayawada,72256,medium,chilli
loamy,19.1,Pune,103140,medium,soybean
loamy,8.1,Warangal,120254,medium,chilli
clay,7.4,Jaipur,69688,medium,onion
clay,12.6,Nashik,210636,low,chilli
sandy,17.9,Jaipur,82934,low,millet
loamy,14.0,Pune,89801,high,maize
loamy,7.8,Pune,79737,medium,potato
clay,8.6,Jaipur,77926,high,rice
loamy,15.0,Nashik,119589,medium,soybean
sandy,6.7,Jaipur,41963,low,groundnut
black,11.3,Jaipur,107533,low,chilli
black,18.7,Hyderabad,325035,medium,cotton
clay,13.6,Pune,53420,low,millet
sandy,15.6,Vijayawada,173730,medium,onion
loamy,8.3,Hyderabad,81912,medium,soybean
red,2.7,Warangal,30768,medium,chilli
loamy,12.0,Lucknow,85939,medium,wheat
loamy,16.2,Vijayawada,165071,medium,rice
loamy,9.8,Bengaluru,39789,medium,maize
clay,12.4,Jaipur,104856,low,maize
loamy,6.2,Hyderabad,37827,high,maize
black,19.6,Nashik,156800,medium,soybean
sandy,17.3,Pune,26254,low,millet
loamy,13.9,Vijayawada,168768,medium,tomato
red,18.5,Pune,71313,low,millet
loamy,9.7,Vijayawada,55309,medium,onion
black,5.1,Hyderabad,50388,high,maize
black,17.3,Warangal,292210,medium,cotton
black,19.5,Vijayawada,150894,high,tomato
sandy,3.8,Nashik,29977,high,maize
loamy,12.3,Bengaluru,164874,medium,tomato
black,6.2,Bengaluru,63066,medium,maize
loamy,13.2,Warangal,119895,medium,chilli
sandy,4.4,Vijayawada,27452,medium,onion
black,14.6,Vijayawada,106626,medium,potato
loamy,10.9,Vijayawada,130231,medium,onion
black,17.4,Hyderabad,189353,medium,soybean
black,4.9,Warangal,20856,high,maize
black,7.9,Warangal,38055,medium,maize
loamy,18.2,Pune,127567,medium,onion
red,10.9,Nashik,67732,low,groundnut
sandy,4.6,Pune,10547,low,millet
loamy,6.3,Lucknow,27819,low,groundnut
loamy,9.7,Nashik,95836,medium,soybean
sandy,19.9,Jaipur,141803,low,groundnut
red,16.0,Vijayawada,160188,medium,chilli
loamy,14.0,Bengaluru,120867,medium,tomato
loamy,16.2,Bengaluru,171418,high,tomato
red,3.3,Warangal,12170,low,groundnut
sandy,11.9,Nashik,142002,medium,onion
sandy,4.4,Jaipur,24802,low,groundnut
red,5.9,Delhi,84076,high,chilli
loamy,6.1,Warangal,79086,medium,chilli
loamy,19.7,Delhi,275803,high,chilli
loamy,17.3,Pune,155672,medium,potato
red,5.6,Nashik,19716,low,groundnut
loamy,19.3,Lucknow,183925,medium,wheat
loamy,13.9,Bengaluru,191127,high,tomato
sandy,14.6,Vijayawada,80886,medium,onion
loamy,18.2,Vijayawada,224063,medium,onion
loamy,4.2,Warangal,28434,high,maize
loamy,6.0,Lucknow,53527,medium,wheat
clay,18.0,Vijayawada,259693,high,rice
black,7.2,Nashik,43755,low,potato
red,9.2,Delhi,39775,low,millet
black,15.6,Warangal,224462,medium,cotton
red,4.5,Warangal,24248,medium,groundnut
red,9.2,Jaipur,36032,medium,groundnut
loamy,8.5,Bengaluru,32869,low,millet
loamy,3.3,Bengaluru,16113,high,millet
loamy,15.1,Delhi,189924,medium,potato
loamy,1.3,Nashik,11750,medium,tomato
red,6.5,Bengaluru,52683,medium,chilli
loamy,4.6,Pune,36793,medium,potato
red,14.4,Nashik,83698,low,groundnut
loamy,8.6,Jaipur,68855,medium,wheat
loamy,17.4,Hyderabad,122495,medium,groundnut
loamy,2.2,Nashik,25093,medium,tomato
loamy,7.7,Bengaluru,90593,medium,tomato
loamy,15.2,Nashik,106506,medium,tomato
red,10.3,Hyderabad,107352,medium,cotton
sandy,3.5,Pune,19656,low,millet
red,8.3,Jaipur,31609,medium,millet
loamy,18.6,Jaipur,140031,medium,wheat
red,11.1,Pune,116985,medium,wheat
loamy,19.5,Hyderabad,224546,high,maize
sandy,18.7,Jaipur,96570,medium,millet
loamy,19.2,Vijayawada,128444,medium,onion
loamy,10.8,Vijayawada,161723,medium,rice
loamy,1.1,Pune,9414,medium,wheat
black,5.9,Hyderabad,56865,medium,soybean
red,5.5,Pune,60142,medium,cotton
clay,5.7,Vijayawada,38048,high,rice
black,14.4,Nashik,176457,medium,cotton
loamy,2.1,Vijayawada,18616,medium,onion
loamy,1.3,Pune,10811,high,rice
red,12.9,Delhi,213750,low,chilli
loamy,13.0,Nashik,87898,medium,soybean
loamy,10.4,Bengaluru,78605,high,tomato
loamy,13.3,Pune,154431,medium,potato
loamy,3.7,Bengaluru,51677,medium,rice
loamy,15.3,Vijayawada,212737,medium,tomato
clay,3.5,Hyderabad,20050,medium,rice
loamy,4.8,Delhi,38361,medium,wheat
loamy,5.6,Delhi,57949,medium,potato
loamy,2.9,Nashik,18408,medium,onion
loamy,7.7,Nashik,97007,medium,tomato
red,2.9,Warangal,10389,low,groundnut
red,3.9,Warangal,21517,low,groundnut
loamy,6.5,Nashik,71191,high,tomato
loamy,17.4,Lucknow,104413,medium,wheat
loamy,16.1,Pune,105612,high,maize
sandy,7.1,Delhi,68515,high,potato
black,14.2,Hyderabad,102790,high,maize
loamy,11.4,Vijayawada,116542,medium,tomato
loamy,15.8,Nashik,166358,medium,onion
black,7.9,Warangal,69336,medium,cotton
sandy,6.6,Nashik,63643,low,potato
red,15.2,Bengaluru,56954,medium,maize
loamy,14.3,Hyderabad,151102,medium,wheat
red,2.5,Warangal,24813,medium,chilli
loamy,15.2,Jaipur,169589,medium,wheat
red,3.1,Nashik,23424,medium,groundnut
sandy,8.5,Vijayawada,107071,high,rice
loamy,5.3,Vijayawada,71963,high,tomato
loamy,12.8,Pune,113538,high,maize
black,8.7,Hyderabad,105313,medium,cotton
loamy,2.5,Nashik,26344,high,tomato
loamy,3.0,Pune,20548,medium,soybean
red,6.1,Pune,97248,medium,cotton
loamy,6.9,Pune,48725,medium,soybean
red,19.5,Delhi,88920,low,millet
red,16.1,Bengaluru,160491,medium,chilli
loamy,2.5,Lucknow,19965,medium,potato
loamy,14.7,Bengaluru,243649,medium,chilli
sandy,12.8,Nashik,120878,medium,onion
loamy,3.9,Nashik,58322,medium,tomato
sandy,19.4,Vijayawada,233909,low,chilli
loamy,6.3,Jaipur,55908,medium,wheat
sandy,10.0,Pune,50194,low,millet
red,7.9,Jaipur,53144,low,groundnut
sandy,8.1,Warangal,51951,medium,groundnut
red,13.2,Bengaluru,112981,medium,chilli
black,11.8,Warangal,139353,medium,cotton
loamy,11.2,Lucknow,124389,medium,wheat
loamy,7.2,Delhi,84072,medium,potato
red,9.6,Pune,49159,low,millet
sandy,1.6,Vijayawada,12476,medium,onion
black,5.0,Nashik,40512,medium,soybean
black,3.7,Pune,53028,medium,rice
red,18.0,Warangal,115902,medium,groundnut
sandy,4.8,Nashik,42892,medium,maize
loamy,1.2,Bengaluru,17370,high,tomato
black,1.3,Hyderabad,13612,medium,soybean
black,14.7,Warangal,166498,medium,potato
loamy,15.2,Jaipur,110613,high,potato
black,4.6,Pune,57787,medium,cotton
loamy,6.8,Vijayawada,55842,medium,chilli
loamy,11.3,Pune,108593,medium,wheat
clay,4.4,Vijayawada,48460,low,onion
loamy,13.9,Nashik,146480,medium,soybean
loamy,12.7,Warangal,116519,medium,chilli
loamy,17.2,Vijayawada,249709,high,tomato
red,7.7,Warangal,72215,medium,cotton
loamy,6.1,Delhi,54503,medium,potato
red,1.5,Warangal,20150,medium,chilli
red,11.9,Nashik,49932,high,millet
loamy,9.2,Vijayawada,128268,medium,tomato
loamy,5.4,Vijayawada,79812,medium,chilli
black,2.8,Pune,17115,high,maize
loamy,11.9,Vijayawada,150442,medium,tomato
loamy,4.5,Bengaluru,64247,medium,rice
clay,16.3,Lucknow,182794,low,chilli
loamy,13.1,Nashik,116385,high,tomato
sandy,6.0,Warangal,34209,medium,soybean
black,16.1,Pune,105632,high,maize
loamy,7.0,Vijayawada,87526,medium,tomato
loamy,13.0,Hyderabad,108443,medium,potato
clay,1.1,Vijayawada,15452,medium,rice
loamy,10.8,Vijayawada,58181,medium,onion
black,5.2,Pune,21804,medium,maize
black,13.4,Warangal,84208,medium,maize
loamy,4.3,Pune,46788,medium,potato
clay,12.2,Warangal,190927,medium,chilli
black,6.2,Bengaluru,42017,high,maize
red,18.1,Jaipur,103474,medium,millet
loamy,17.7,Pune,156584,medium,wheat
loamy,4.5,Nashik,41532,medium,onion
red,7.1,Pune,86061,medium,cotton
loamy,2.3,Bengaluru,27358,medium,rice
sandy,19.0,Nashik,91621,low,groundnut
red,1.9,Vijayawada,23172,medium,chilli
loamy,12.4,Lucknow,94567,medium,potato
black,11.9,Pune,109696,medium,soybean
clay,1.7,Delhi,13501,low,rice
red,15.3,Vijayawada,182761,medium,chilli
loamy,14.2,Vijayawada,108158,high,tomato
loamy,1.9,Pune,13958,medium,potato
clay,14.8,Hyderabad,121812,medium,rice
red,3.1,Hyderabad,6150,low,millet
red,3.6,Warangal,27282,medium,groundnut
loamy,13.7,Pune,156412,medium,potato
sandy,10.2,Pune,94035,medium,onion
loamy,15.0,Lucknow,122652,medium,wheat
black,5.1,Warangal,55002,medium,cotton
loamy,10.8,Nashik,159192,high,tomato
red,18.4,Pune,31309,medium,millet
black,4.6,Lucknow,49040,medium,cotton
red,5.6,Jaipur,26560,low,groundnut
loamy,6.0,Pune,77750,medium,potato
sandy,10.7,Nashik,109167,medium,onion
clay,18.6,Hyderabad,269729,high,rice
red,10.9,Nashik,162856,medium,cotton
loamy,1.7,Jaipur,11066,medium,wheat
sandy,8.7,Jaipur,61462,medium,groundnut
loamy,7.6,Nashik,70236,high,tomato
red,14.3,Jaipur,60243,low,groundnut
loamy,7.3,Delhi,50444,medium,potato
loamy,19.5,Delhi,202378,medium,potato
loamy,5.7,Pune,28574,medium,wheat
loamy,15.3,Jaipur,181837,medium,wheat
loamy,13.6,Pune,126262,medium,wheat
sandy,10.8,Warangal,82663,medium,groundnut
red,14.8,Warangal,170762,medium,chilli
clay,1.6,Bengaluru,12570,high,rice
loamy,18.5,Pune,182746,medium,soybean
loamy,13.9,Vijayawada,129172,high,tomato
red,10.9,Delhi,35411,medium,millet
sandy,6.5,Jaipur,38919,medium,millet
loamy,6.5,Bengaluru,51798,medium,rice
sandy,1.3,Pune,7600,medium,onion
loamy,7.7,Vijayawada,77064,high,rice
loamy,15.6,Vijayawada,196241,medium,rice
clay,2.5,Bengaluru,17078,low,maize
red,18.2,Hyderabad,246402,medium,cotton
red,17.6,Vijayawada,117842,medium,groundnut
black,6.7,Pune,51778,medium,soybean
loamy,11.0,Pune,117990,medium,wheat
red,19.3,Delhi,92690,medium,millet
loamy,6.7,Lucknow,52545,medium,potato
red,8.5,Nashik,73963,medium,cotton
loamy,16.8,Nashik,136241,high,tomato
loamy,17.4,Bengaluru,249004,medium,chilli
loamy,18.0,Jaipur,206856,medium,wheat
clay,3.2,Pune,23678,high,chilli
loamy,1.5,Hyderabad,13016,high,rice
loamy,4.5,Pune,46361,medium,onion
red,9.2,Jaipur,152964,medium,cotton
loamy,11.4,Warangal,167630,medium,chilli
loamy,6.2,Pune,77259,medium,potato
loamy,6.4,Bengaluru,80436,high,tomato
loamy,18.2,Delhi,197029,medium,wheat
black,17.3,Warangal,87147,high,maize
sandy,14.7,Nashik,102670,medium,onion
sandy,18.4,Pune,44752,medium,millet
red,11.0,Bengaluru,161095,medium,chilli
black,14.9,Warangal,63986,high,maize
black,19.6,Hyderabad,239947,medium,cotton
black,5.8,Hyderabad,51292,medium,cotton
sandy,1.6,Nashik,22319,medium,rice
black,4.8,Pune,39250,high,maize
red,16.5,Jaipur,129749,low,groundnut
black,7.8,Pune,50464,medium,cotton
loamy,16.8,Nashik,233899,high,tomato
red,16.2,Nashik,128896,medium,soybean
loamy,10.8,Pune,75861,medium,potato
loamy,18.9,Lucknow,100083,medium,wheat
red,11.9,Jaipur,58164,low,groundnut
red,17.9,Delhi,102788,medium,onion
loamy,4.8,Pune,34633,medium,soybean
clay,19.0,Hyderabad,236911,high,rice
black,12.6,Pune,97370,medium,soybean
black,10.4,Pune,57688,low,wheat
red,2.1,Nashik,23068,medium,cotton
red,8.2,Hyderabad,71203,medium,cotton
black,12.7,Warangal,87249,medium,maize
red,12.2,Jaipur,43441,medium,millet
black,3.4,Pune,29734,medium,cotton
black,8.6,Pune,50879,high,maize
loamy,14.4,Vijayawada,217808,medium,chilli
loamy,6.6,Pune,29070,medium,millet
red,2.0,Bengaluru,30192,medium,chilli
loamy,5.4,Nashik,59843,high,tomato
sandy,13.3,Nashik,107482,medium,onion
sandy,8.3,Hyderabad,79205,medium,potato
loamy,1.8,Delhi,18026,medium,wheat
red,7.6,Nashik,63917,medium,cotton
clay,14.8,Bengaluru,235695,medium,rice
loamy,14.7,Pune,126802,medium,soybean
red,5.9,Bengaluru,91147,medium,chilli
loamy,19.1,Nashik,203968,medium,tomato
red,6.2,Nashik,63066,medium,wheat
sandy,16.9,Warangal,113655,low,groundnut
loamy,7.8,Warangal,55043,high,maize
loamy,18.0,Hyderabad,277344,medium,chilli
loamy,6.2,Nashik,51965,medium,onion
loamy,13.4,Pune,89107,medium,potato
black,2.2,Warangal,16778,high,maize
sandy,12.4,Nashik,81118,high,groundnut
red,7.2,Pune,18053,low,millet
black,7.2,Delhi,27757,low,millet
red,4.0,Delhi,15708,medium,millet
loamy,6.9,Hyderabad,96479,high,rice
sandy,3.9,Pune,21166,medium,onion
loamy,14.9,Bengaluru,241263,medium,chilli
loamy,7.0,Vijayawada,83118,medium,onion
clay,19.6,Nashik,219245,low,cotton
black,7.9,Hyderabad,144500,medium,cotton
sandy,9.5,Pune,49141,medium,millet
loamy,12.5,Bengaluru,183305,medium,tomato
sandy,3.8,Warangal,21884,low,groundnut
loamy,9.0,Delhi,55828,medium,potato
sandy,14.1,Nashik,50807,medium,onion
loamy,11.6,Lucknow,77376,medium,wheat
red,18.5,Nashik,60983,low,groundnut
black,14.3,Delhi,140019,high,potato
loamy,13.8,Warangal,108879,medium,maize
loamy,5.4,Pune,44797,medium,potato
loamy,4.4,Delhi,48549,medium,potato
loamy,2.9,Hyderabad,22705,high,maize
red,4.2,Warangal,24680,medium,groundnut
sandy,11.5,Pune,45126,low,groundnut
loamy,16.8,Vijayawada,126967,medium,onion
clay,16.8,Bengaluru,198750,medium,rice
sandy,17.4,Delhi,108443,medium,groundnut
sandy,14.8,Jaipur,116588,medium,groundnut
red,2.4,Delhi,12865,medium,millet
sandy,17.0,Warangal,92075,medium,millet
sandy,8.1,Hyderabad,90907,high,chilli
red,6.4,Pune,99875,medium,cotton
black,11.6,Warangal,158834,medium,cotton
black,12.1,Nashik,194079,medium,cotton
loamy,10.3,Warangal,121836,medium,chilli
red,19.3,Vijayawada,178818,medium,chilli
red,4.3,Jaipur,31567,medium,groundnut
red,10.2,Pune,28959,medium,millet
loamy,17.9,Delhi,170257,medium,potato
loamy,16.4,Vijayawada,183073,high,tomato
loamy,16.6,Bengaluru,163835,high,tomato
sandy,3.1,Nashik,13488,low,groundnut
black,15.8,Hyderabad,58927,medium,soybean
red,11.2,Hyderabad,60468,low,millet
black,7.3,Bengaluru,46368,high,maize
black,11.0,Warangal,90886,medium,cotton
sandy,5.4,Nashik,47036,medium,onion
black,17.4,Hyderabad,165105,medium,cotton
loamy,12.2,Delhi,85280,medium,wheat
loamy,6.7,Bengaluru,91893,high,tomato
loamy,5.2,Delhi,51049,medium,potato
loamy,8.3,Vijayawada,116107,high,tomato
loamy,1.5,Delhi,13405,medium,potato
red,13.0,Nashik,160643,medium,cotton
loamy,8.7,Pune,72002,medium,wheat
loamy,15.1,Delhi,140478,medium,potato
black,11.7,Hyderabad,99735,medium,maize
loamy,10.8,Delhi,130109,medium,potato
black,1.3,Warangal,12901,high,wheat
loamy,9.1,Pune,59057,medium,onion
black,3.2,Bengaluru,21175,medium,maize
red,4.2,Nashik,22828,medium,groundnut
sandy,9.8,Nashik,68223,medium,groundnut
loamy,8.9,Lucknow,45438,low,millet
loamy,11.2,Pune,59424,high,maize
red,17.8,Jaipur,76479,low,millet
sandy,6.8,Delhi,32591,medium,millet
loamy,14.9,Pune,132368,medium,soybean
sandy,8.3,Nashik,56846,low,groundnut
loamy,5.4,Pune,32948,medium,soybean
black,2.5,Pune,35877,medium,cotton
clay,10.5,Bengaluru,127915,medium,rice
loamy,16.9,Pune,189601,medium,wheat
sandy,17.0,Pune,64940,low,millet
sandy,4.4,Vijayawada,47110,medium,onion
clay,17.6,Delhi,59857,high,millet
black,4.7,Pune,64833,medium,cotton
black,6.2,Nashik,63682,medium,soybean
red,2.1,Warangal,23764,medium,chilli
black,15.2,Jaipur,124840,high,soybean
loamy,14.6,Vijayawada,122315,medium,chilli
loamy,9.4,Delhi,73632,low,maize
clay,7.3,Bengaluru,102548,high,rice
clay,8.0,Vijayawada,125534,high,chilli
black,15.5,Hyderabad,106193,medium,rice
loamy,4.8,Bengaluru,20599,medium,maize
loamy,9.9,Pune,95004,medium,onion
loamy,2.6,Delhi,16086,medium,wheat
sandy,9.7,Jaipur,33226,low,millet
black,6.5,Nashik,56543,medium,cotton
red,4.8,Jaipur,20321,medium,groundnut
red,7.9,Jaipur,49062,medium,groundnut
loamy,11.8,Bengaluru,154049,medium,chilli
loamy,15.1,Bengaluru,205402,medium,tomato
sandy,18.5,Jaipur,112202,medium,groundnut
loamy,8.1,Nashik,90106,medium,onion
loamy,17.5,Vijayawada,146492,high,tomato
clay,18.3,Vijayawada,251039,medium,rice
sandy,11.9,Warangal,83787,low,groundnut
loamy,10.2,Bengaluru,121296,medium,tomato
loamy,19.1,Bengaluru,240320,medium,tomato
loamy,4.8,Bengaluru,78036,medium,tomato
black,15.6,Pune,87241,medium,soybean
sandy,4.3,Jaipur,12755,medium,millet
sandy,3.9,Warangal,14004,low,groundnut
clay,9.9,Jaipur,70173,low,onion
loamy,15.5,Bengaluru,194103,medium,chilli
loamy,12.3,Pune,123861,medium,wheat
sandy,8.0,Nashik,58680,medium,onion
sandy,4.6,Jaipur,16135,medium,millet
black,3.9,Hyderabad,64633,medium,cotton
red,8.6,Warangal,49568,low,groundnut
black,8.7,Nashik,55062,low,onion
loamy,13.4,Bengaluru,160258,medium,rice
loamy,3.2,Vijayawada,36448,medium,chilli
loamy,4.4,Pune,47441,medium,potato
loamy,18.7,Nashik,132601,medium,tomato
loamy,3.3,Pune,26551,medium,soybean
loamy,6.6,Delhi,76425,medium,potato
loamy,7.2,Vijayawada,82558,medium,rice
loamy,8.5,Bengaluru,72078,medium,chilli
loamy,18.0,Pune,146660,medium,maize
red,2.5,Lucknow,14323,low,millet
sandy,13.1,Pune,32959,medium,millet
sandy,15.1,Nashik,70716,low,groundnut
black,11.2,Bengaluru,109641,low,wheat
black,9.3,Hyderabad,100631,medium,cotton
loamy,1.1,Pune,9289,high,maize
red,16.0,Nashik,184003,medium,cotton
loamy,12.6,Warangal,154407,medium,chilli
red,18.7,Nashik,159855,medium,soybean
clay,15.1,Vijayawada,120636,medium,rice
black,17.2,Nashik,228436,medium,cotton
loamy,6.5,Jaipur,77619,medium,wheat
red,7.7,Jaipur,44917,low,millet
loamy,18.5,Vijayawada,256998,high,tomato
loamy,3.1,Bengaluru,16834,medium,maize
sandy,5.1,Nashik,28953,medium,groundnut
loamy,13.0,Hyderabad,140376,medium,soybean
red,6.4,Vijayawada,92709,medium,chilli
loamy,7.3,Delhi,44118,medium,potato
loamy,4.6,Pune,55976,medium,potato
loamy,19.0,Bengaluru,256093,high,rice
sandy,15.1,Pune,11246,medium,millet
loamy,5.5,Vijayawada,70604,medium,chilli
loamy,1.6,Vijayawada,15744,medium,potato
black,9.8,Pune,100171,medium,soybean
red,2.3,Warangal,32333,medium,chilli
clay,19.2,Vijayawada,132906,medium,rice
loamy,8.6,Pune,49738,medium,onion
clay,6.0,Hyderabad,44149,medium,rice
black,3.7,Nashik,28511,medium,soybean
black,2.4,Warangal,29581,medium,cotton
loamy,9.6,Delhi,113552,medium,potato
sandy,5.2,Jaipur,33380,low,groundnut
red,6.8,Pune,20654,medium,millet
loamy,13.1,Lucknow,124683,medium,potato
red,7.9,Vijayawada,107895,medium,rice
sandy,12.2,Vijayawada,76308,medium,onion
sandy,4.3,Pune,36015,medium,onion
loamy,3.9,Nashik,43110,high,tomato
black,18.3,Nashik,151319,medium,soybean
red,8.6,Bengaluru,92580,low,rice
red,9.5,Pune,41876,low,wheat
sandy,14.6,Vijayawada,119901,medium,onion
black,16.8,Warangal,149016,high,maize
loamy,5.6,Pune,32466,high,wheat
black,4.7,Nashik,47833,medium,soybean
loamy,6.7,Delhi,52379,medium,wheat
loamy,13.1,Bengaluru,112046,medium,rice
clay,7.2,Pune,89687,medium,potato
loamy,13.9,Pune,128766,medium,potato
sandy,18.0,Nashik,205034,medium,onion
loamy,2.8,Nashik,29854,medium,onion
loamy,10.5,Lucknow,94901,medium,potato
red,11.8,Pune,39463,low,millet
loamy,13.6,Pune,130369,high,maize
black,6.0,Delhi,22592,high,millet
red,9.5,Nashik,51167,medium,groundnut
loamy,13.3,Bengaluru,106961,medium,tomato
clay,5.9,Bengaluru,31665,low,maize
red,4.8,Delhi,27154,medium,millet
red,7.2,Warangal,64622,medium,cotton
red,18.3,Hyderabad,203360,medium,potato
loamy,6.2,Lucknow,41759,medium,potato
red,7.2,Delhi,9826,low,millet
loamy,2.7,Pune,39216,high,tomato
red,2.3,Warangal,22634,medium,cotton
clay,5.3,Bengaluru,16994,medium,millet
red,13.2,Pune,28401,medium,millet
loamy,8.1,Vijayawada,74090,medium,tomato
black,7.3,Hyderabad,60038,medium,soybean
loamy,11.9,Jaipur,122631,medium,wheat
loamy,9.6,Pune,121923,medium,potato
loamy,14.2,Hyderabad,99053,medium,maize
black,8.4,Pune,59498,high,tomato
clay,15.6,Vijayawada,139173,high,rice
loamy,3.8,Vijayawada,26600,medium,onion
sandy,2.3,Jaipur,15040,low,groundnut
loamy,6.2,Pune,19034,low,millet
black,1.5,Hyderabad,15107,medium,cotton
red,8.2,Hyderabad,86947,medium,cotton
loamy,10.3,Jaipur,79800,medium,wheat
loamy,7.8,Pune,60063,medium,soybean
red,19.3,Jaipur,117996,low,groundnut
loamy,14.3,Pune,127859,medium,wheat
red,18.0,Warangal,208810,medium,chilli
loamy,4.0,Bengaluru,24485,high,rice
loamy,8.9,Pune,87588,medium,potato
loamy,15.9,Pune,81236,medium,maize
clay,12.8,Bengaluru,136051,medium,rice
clay,3.7,Vijayawada,23859,high,rice
loamy,18.0,Nashik,149619,medium,tomato
loamy,9.4,Pune,118485,medium,wheat
sandy,3.4,Jaipur,26383,medium,soybean
loamy,5.2,Vijayawada,80533,medium,chilli
loamy,8.7,Warangal,77172,low,maize
black,7.2,Pune,70446,medium,soybean
loamy,3.8,Delhi,43819,medium,potato
clay,13.1,Hyderabad,109877,high,rice
red,12.9,Hyderabad,175081,medium,cotton
black,3.2,Hyderabad,21511,medium,soybean
red,17.6,Jaipur,82244,medium,groundnut
loamy,7.9,Vijayawada,66718,medium,onion
loamy,11.5,Warangal,147013,medium,chilli
red,18.9,Warangal,110723,medium,groundnut
loamy,4.8,Vijayawada,37957,medium,onion
sandy,14.2,Pune,62147,low,millet
loamy,17.3,Vijayawada,124058,medium,onion
loamy,19.2,Delhi,204483,high,cotton
loamy,18.8,Bengaluru,210924,high,tomato
clay,2.3,Bengaluru,32283,high,rice
loamy,13.3,Nashik,161302,medium,tomato
loamy,3.7,Nashik,36172,high,tomato
loamy,15.5,Bengaluru,137429,medium,tomato
clay,13.5,Bengaluru,186891,high,rice
red,19.6,Jaipur,78537,high,groundnut
sandy,9.1,Pune,24928,medium,millet
black,20.0,Bengaluru,148528,medium,maize
clay,9.2,Jaipur,96447,low,soybean
clay,9.0,Vijayawada,129528,medium,rice
sandy,12.1,Warangal,87894,low,groundnut
red,11.7,Hyderabad,179580,medium,cotton
loamy,16.1,Hyderabad,91873,medium,soybean
loamy,7.6,Lucknow,66805,medium,wheat
red,13.7,Hyderabad,165158,high,potato
loamy,18.5,Bengaluru,190764,high,rice
clay,19.3,Bengaluru,202831,medium,rice
sandy,15.6,Warangal,113976,medium,groundnut
black,17.3,Hyderabad,179809,high,maize
sandy,13.1,Delhi,16458,medium,millet
sandy,7.7,Jaipur,37851,medium,millet
loamy,12.1,Nashik,75124,low,potato
sandy,2.7,Pune,16187,medium,onion
black,7.7,Vijayawada,74625,medium,soybean
sandy,2.6,Pune,20852,high,maize
black,10.4,Pune,155186,medium,cotton
black,5.6,Pune,55470,medium,cotton
black,11.8,Delhi,156843,medium,rice
loamy,19.7,Vijayawada,205419,high,tomato
red,19.2,Warangal,125591,low,groundnut
loamy,11.2,Warangal,114878,medium,maize
red,11.9,Nashik,94431,low,wheat
clay,19.9,Bengaluru,233168,medium,rice
loamy,14.0,Vijayawada,213606,medium,rice
clay,10.3,Pune,55222,high,wheat
loamy,13.8,Jaipur,83219,high,maize
red,1.1,Pune,6430,low,millet
loamy,8.9,Pune,80302,medium,soybean
loamy,10.4,Pune,43609,medium,maize
loamy,10.0,Pune,103420,medium,wheat
red,2.7,Jaipur,16456,medium,millet
sandy,9.6,Nashik,68624,medium,groundnut
loamy,1.0,Delhi,9890,medium,wheat
sandy,11.7,Pune,82896,medium,onion
loamy,19.5,Jaipur,143960,high,wheat
loamy,10.6,Nashik,68711,high,wheat
loamy,14.0,Delhi,137477,medium,potato
black,12.7,Pune,113728,medium,soybean
red,2.2,Jaipur,6077,medium,millet
black,2.1,Pune,27927,medium,cotton
red,7.1,Lucknow,51063,low,potato
sandy,15.5,Pune,142575,medium,onion
black,1.5,Delhi,8206,medium,groundnut
loamy,15.6,Lucknow,177905,medium,wheat
loamy,11.3,Hyderabad,132991,high,rice
loamy,7.7,Warangal,92173,medium,chilli
sandy,1.8,Vijayawada,17748,medium,onion
black,10.4,Nashik,93144,medium,cotton
black,18.6,Nashik,95090,medium,soybean
clay,16.9,Delhi,151985,low,rice
loamy,17.4,Vijayawada,259573,medium,rice
red,8.9,Bengaluru,72392,medium,chilli
loamy,14.2,Pune,98448,medium,groundnut
clay,13.1,Bengaluru,196989,high,rice
loamy,15.1,Jaipur,140294,medium,wheat
red,11.8,Bengaluru,138701,medium,chilli
loamy,10.8,Delhi,124489,medium,wheat
loamy,2.6,Hyderabad,14838,high,rice
loamy,1.8,Jaipur,19428,medium,wheat
loamy,1.3,Vijayawada,11917,medium,onion
black,13.2,Hyderabad,92766,medium,maize
loamy,7.4,Nashik,69642,medium,tomato
loamy,4.1,Lucknow,53003,medium,potato
sandy,1.3,Warangal,13484,low,onion
black,1.1,Warangal,5000,high,maize
clay,11.7,Hyderabad,187080,high,rice
loamy,15.2,Lucknow,153054,medium,wheat
red,18.1,Bengaluru,252737,medium,chilli
loamy,4.3,Lucknow,41967,medium,potato
loamy,1.8,Hyderabad,20884,medium,tomato
loamy,8.7,Nashik,101146,high,tomato
loamy,7.2,Bengaluru,94142,high,tomato
loamy,19.0,Nashik,180557,medium,tomato
red,6.8,Bengaluru,90782,medium,chilli
loamy,5.1,Bengaluru,63248,high,tomato
black,14.2,Delhi,78378,high,onion
loamy,13.2,Vijayawada,189868,high,tomato
black,17.5,Nashik,123795,medium,soybean
black,2.2,Warangal,18549,high,maize
loamy,4.9,Hyderabad,51175,medium,rice
clay,18.2,Nashik,180325,low,maize
loamy,18.1,Delhi,115430,medium,potato
loamy,9.9,Pune,76039,high,maize
sandy,15.4,Nashik,39993,low,groundnut
black,12.1,Jaipur,61915,medium,maize
red,19.0,Vijayawada,116933,high,millet
loamy,12.9,Nashik,70323,medium,soybean
loamy,6.6,Bengaluru,70523,medium,chilli
loamy,5.8,Pune,41851,medium,wheat
loamy,5.5,Pune,39529,medium,onion
red,15.4,Jaipur,73735,medium,groundnut
loamy,1.4,Lucknow,8595,medium,potato
loamy,6.1,Bengaluru,45576,high,tomato
loamy,7.6,Vijayawada,87279,high,tomato
red,16.3,Warangal,34252,medium,groundnut
sandy,4.4,Vijayawada,11886,low,millet
loamy,15.0,Delhi,76896,medium,wheat
red,17.6,Vijayawada,102414,low,millet
loamy,3.6,Pune,27354,medium,potato
loamy,14.6,Pune,117600,medium,wheat
loamy,4.5,Nashik,60714,high,tomato
sandy,4.3,Jaipur,27203,medium,groundnut
black,7.1,Warangal,74312,medium,cotton
red,16.7,Nashik,181372,medium,cotton
red,10.4,Pune,92012,medium,cotton
clay,19.6,Bengaluru,301565,high,rice
red,7.1,Bengaluru,81222,medium,chilli
red,7.0,Delhi,27773,medium,millet
black,9.8,Nashik,131029,medium,cotton
loamy,8.3,Nashik,73556,high,tomato
clay,9.3,Vijayawada,104487,medium,rice
loamy,8.4,Vijayawada,91089,high,chilli
loamy,16.8,Bengaluru,110382,medium,maize
loamy,19.0,Vijayawada,219301,medium,onion
loamy,12.5,Warangal,69530,high,maize
black,6.9,Bengaluru,49779,medium,maize
black,6.4,Warangal,50727,high,maize
loamy,8.0,Jaipur,19308,medium,millet
red,15.9,Nashik,277117,medium,cotton
sandy,11.9,Nashik,109696,medium,onion
black,1.4,Hyderabad,21536,medium,cotton
black,9.8,Nashik,59442,low,onion
red,17.1,Warangal,131078,low,groundnut
loamy,11.7,Vijayawada,138418,high,rice
black,19.2,Lucknow,68048,medium,groundnut
loamy,16.2,Hyderabad,174934,medium,soybean
red,4.9,Nashik,15049,medium,groundnut
red,19.9,Warangal,120335,low,groundnut
loamy,6.2,Delhi,52081,medium,potato
black,17.5,Nashik,89442,medium,soybean
loamy,12.9,Vijayawada,127908,medium,onion
loamy,7.2,Bengaluru,60858,medium,chilli
black,3.9,Nashik,16908,medium,soybean
loamy,8.8,Pune,85185,medium,onion
loamy,2.7,Pune,18984,medium,wheat
black,14.0,Pune,155904,medium,cotton
loamy,5.4,Hyderabad,35385,medium,rice
loamy,13.1,Nashik,80124,high,maize
loamy,1.8,Nashik,22389,high,tomato
black,12.1,Pune,88204,medium,soybean
sandy,18.4,Jaipur,55159,medium,millet
loamy,12.5,Pune,130887,medium,soybean
red,9.5,Jaipur,36766,medium,millet
red,16.3,Warangal,154475,medium,chilli
red,13.3,Nashik,169319,medium,cotton
red,16.8,Warangal,202638,medium,cotton
red,4.1,Delhi,18699,medium,millet
loamy,12.8,Lucknow,71810,medium,potato
sandy,19.3,Jaipur,212284,medium,rice
loamy,8.9,Pune,87990,medium,wheat
loamy,18.7,Vijayawada,146963,high,rice
black,14.8,Pune,121182,medium,cotton
red,14.4,Lucknow,137952,high,potato
loamy,1.6,Lucknow,17936,medium,potato
loamy,1.8,Lucknow,11112,medium,potato
clay,6.1,Pune,68810,high,wheat
loamy,17.6,Bengaluru,214030,medium,chilli
loamy,2.7,Vijayawada,20573,medium,tomato
red,11.3,Delhi,50092,low,millet
red,9.9,Jaipur,57443,medium,millet
sandy,19.3,Pune,107188,medium,millet
loamy,11.2,Lucknow,124490,medium,wheat
loamy,7.5,Bengaluru,121446,medium,chilli
loamy,2.6,Vijayawada,29367,high,chilli
red,1.1,Hyderabad,15191,high,tomato
loamy,7.2,Vijayawada,67603,medium,onion
red,8.8,Jaipur,50876,medium,millet
loamy,16.2,Jaipur,102286,medium,wheat
loamy,5.0,Lucknow,56615,medium,potato
loamy,4.9,Warangal,41197,medium,chilli
red,1.2,Warangal,17005,medium,chilli
loamy,12.2,Pune,85287,medium,soybean
loamy,1.6,Lucknow,20085,medium,potato
black,12.8,Warangal,147717,high,potato
black,10.0,Delhi,8224,low,millet
loamy,5.6,Pune,55880,medium,onion
loamy,14.0,Lucknow,159345,medium,potato
sandy,9.8,Jaipur,53437,high,soybean
black,10.3,Hyderabad,59441,medium,soybean
loamy,14.0,Delhi,144813,medium,potato
loamy,16.3,Delhi,164245,medium,wheat
loamy,14.0,Pune,76498,high,maize
loamy,15.1,Lucknow,123143,medium,potato
loamy,1.4,Nashik,14287,medium,soybean
clay,1.6,Lucknow,10229,high,onion
loamy,19.0,Nashik,154724,medium,tomato
sandy,11.8,Jaipur,25464,low,millet
red,12.1,Vijayawada,97905,medium,chilli
loamy,14.3,Jaipur,127793,medium,wheat
loamy,11.1,Bengaluru,163483,high,rice
loamy,13.6,Bengaluru,73230,medium,groundnut
loamy,3.4,Delhi,23559,medium,potato
loamy,5.7,Vijayawada,33922,medium,onion
clay,9.2,Pune,113404,low,tomato
sandy,12.5,Pune,55610,low,millet
black,5.6,Hyderabad,86789,medium,cotton
loamy,11.7,Vijayawada,63238,medium,onion
loamy,13.4,Hyderabad,88134,high,maize
red,15.4,Delhi,82414,medium,millet
black,19.5,Nashik,109125,medium,soybean
loamy,12.3,Vijayawada,103430,medium,onion
red,16.7,Pune,197480,medium,cotton
sandy,4.6,Vijayawada,48554,medium,onion
loamy,7.9,Pune,49333,high,soybean
loamy,14.8,Vijayawada,174894,medium,onion
sandy,5.7,Jaipur,43893,medium,groundnut
loamy,5.8,Lucknow,54163,medium,potato
black,18.6,Warangal,170115,low,tomato
red,4.8,Pune,60956,high,potato
black,6.9,Warangal,84482,high,rice
black,3.0,Warangal,28656,medium,maize
loamy,2.1,Nashik,15196,medium,onion
loamy,12.7,Pune,103563,medium,wheat
loamy,7.0,Pune,36052,medium,soybean
red,15.1,Warangal,152543,medium,cotton
sandy,9.7,Bengaluru,54933,low,groundnut
loamy,6.9,Warangal,27742,medium,maize
black,2.6,Bengaluru,16956,medium,soybean
loamy,13.8,Lucknow,131947,medium,potato
loamy,8.4,Nashik,113742,high,tomato
loamy,14.3,Pune,100297,medium,potato
loamy,6.2,Nashik,68934,medium,tomato
black,11.7,Jaipur,36960,high,groundnut
red,8.2,Vijayawada,127040,medium,chilli
loamy,5.3,Lucknow,62181,medium,potato
clay,12.1,Vijayawada,37563,medium,millet
loamy,5.3,Pune,51825,medium,onion
loamy,3.8,Warangal,31964,high,maize
clay,10.9,Bengaluru,72849,low,maize
red,18.9,Vijayawada,222604,low,cotton
loamy,16.5,Warangal,149569,medium,maize
black,4.5,Pune,22503,high,maize
loamy,18.0,Bengaluru,112885,medium,rice
loamy,12.6,Nashik,110045,high,tomato
red,3.1,Jaipur,15442,medium,millet
black,9.8,Hyderabad,95855,medium,cotton
loamy,7.7,Pune,104116,medium,potato
loamy,17.3,Hyderabad,132718,medium,soybean
loamy,12.5,Nashik,118970,low,maize
loamy,15.3,Nashik,170178,high,tomato
black,8.5,Pune,140312,medium,cotton
loamy,14.5,Hyderabad,104255,high,maize
black,3.8,Delhi,8878,low,millet
clay,8.3,Hyderabad,104535,medium,chilli
sandy,10.1,Pune,144076,high,chilli
loamy,19.8,Delhi,250303,medium,potato
black,10.9,Warangal,79995,medium,maize
clay,8.0,Vijayawada,113196,medium,rice
sandy,15.8,Pune,185438,medium,onion
black,14.9,Nashik,139008,medium,soybean
loamy,8.5,Warangal,136725,medium,chilli
loamy,8.9,Hyderabad,102204,high,rice
black,1.7,Warangal,7537,medium,maize
loamy,13.7,Lucknow,170811,medium,potato
red,17.9,Delhi,103490,medium,millet
red,6.3,Pune,36949,low,millet
black,7.2,Pune,56472,medium,soybean
sandy,3.0,Vijayawada,25875,medium,onion
loamy,2.9,Bengaluru,28802,medium,maize
sandy,5.6,Pune,52310,medium,onion
black,9.2,Pune,72264,medium,soybean
loamy,10.2,Bengaluru,87205,high,tomato
black,5.5,Bengaluru,62218,high,potato
black,8.2,Pune,129869,medium,cotton
loamy,2.8,Jaipur,29727,medium,wheat
loamy,6.5,Vijayawada,67128,medium,chilli
red,2.9,Jaipur,9413,low,millet
black,8.4,Pune,85463,medium,soybean
loamy,9.8,Pune,95336,medium,potato
sandy,1.6,Nashik,7146,medium,groundnut
red,13.4,Delhi,71486,medium,millet
loamy,9.8,Vijayawada,110551,high,tomato
loamy,3.8,Pune,13421,medium,maize
loamy,3.3,Jaipur,37330,medium,wheat
red,4.0,Vijayawada,66402,medium,chilli
black,10.5,Nashik,137613,medium,cotton
clay,14.4,Vijayawada,176901,medium,chilli
loamy,10.3,Warangal,116231,medium,chilli
sandy,6.3,Pune,37534,low,millet
red,7.5,Warangal,122082,medium,cotton
black,4.8,Nashik,54432,medium,soybean
black,14.9,Pune,102070,high,maize
clay,8.7,Hyderabad,84640,medium,rice
sandy,11.9,Delhi,191173,medium,chilli
loamy,16.5,Pune,36653,medium,millet
clay,1.8,Pune,14500,medium,chilli
loamy,11.2,Lucknow,76054,medium,potato
sandy,12.0,Pune,68052,high,onion
sandy,7.2,Nashik,72712,medium,onion
loamy,19.0,Nashik,176874,medium,onion
clay,8.9,Bengaluru,87499,high,rice
loamy,11.3,Nashik,121870,high,tomato
loamy,15.8,Nashik,54920,medium,onion
sandy,16.9,Nashik,64149,medium,groundnut
loamy,7.8,Vijayawada,67451,medium,onion
loamy,19.9,Lucknow,75719,medium,wheat
loamy,1.6,Bengaluru,14340,medium,maize
loamy,4.6,Vijayawada,56464,medium,tomato
loamy,9.7,Bengaluru,140454,medium,chilli
sandy,11.8,Jaipur,58622,low,millet
clay,1.1,Nashik,12591,high,rice
sandy,15.6,Warangal,91993,low,millet
loamy,5.7,Pune,52288,medium,soybean
clay,14.2,Warangal,65558,low,onion
clay,2.4,Delhi,20061,medium,tomato
red,14.5,Jaipur,70594,low,groundnut
red,19.5,Warangal,124328,high,maize
sandy,2.5,Pune,8478,low,millet
loamy,18.0,Bengaluru,263217,medium,rice
clay,2.0,Bengaluru,20736,high,rice
loamy,7.9,Pune,43901,medium,wheat
loamy,13.3,Nashik,124735,medium,onion
black,3.4,Nashik,21866,medium,soybean
red,16.1,Bengaluru,267807,medium,chilli
black,8.4,Hyderabad,90431,medium,cotton
loamy,6.1,Vijayawada,62703,medium,onion
sandy,10.5,Delhi,70045,high,soybean
loamy,3.3,Jaipur,30422,medium,wheat
loamy,14.0,Warangal,120542,medium,chilli
clay,3.1,Hyderabad,25642,low,maize
clay,13.3,Vijayawada,104968,high,rice
clay,9.4,Delhi,110927,medium,wheat
loamy,13.7,Delhi,173017,low,cotton
red,9.2,Vijayawada,79499,medium,chilli
loamy,17.7,Hyderabad,94443,high,maize
loamy,11.1,Warangal,78823,high,maize
loamy,6.2,Nashik,39162,medium,soybean
clay,3.5,Jaipur,31117,low,potato
red,8.0,Pune,75515,medium,cotton
red,11.8,Nashik,66618,medium,groundnut
loamy,19.6,Jaipur,258774,medium,wheat
loamy,7.5,Bengaluru,99447,medium,rice
loamy,16.3,Pune,188564,medium,potato
loamy,4.7,Pune,35202,medium,soybean
red,7.3,Hyderabad,131016,medium,cotton
black,8.8,Warangal,131325,medium,cotton
clay,9.4,Hyderabad,155291,high,rice
loamy,1.2,Hyderabad,5561,medium,maize
loamy,5.5,Pune,30869,medium,soybean
loamy,11.3,Delhi,127000,medium,wheat
loamy,2.7,Warangal,32544,medium,chilli
loamy,7.8,Nashik,74596,medium,soybean
loamy,1.4,Pune,12634,medium,potato
sandy,4.7,Nashik,15492,low,groundnut
red,12.8,Warangal,213406,medium,cotton
loamy,16.9,Bengaluru,268372,medium,rice
loamy,8.1,Bengaluru,96840,medium,tomato
sandy,3.9,Nashik,27552,medium,onion
loamy,19.9,Lucknow,217670,medium,wheat
loamy,16.1,Pune,116824,medium,onion
sandy,15.7,Jaipur,88852,low,groundnut
red,14.3,Vijayawada,95881,low,potato
loamy,17.6,Delhi,207482,medium,wheat
loamy,7.4,Pune,55739,medium,maize
sandy,9.1,Vijayawada,46166,medium,onion
black,9.0,Pune,145708,medium,cotton
red,17.1,Warangal,289509,medium,chilli
loamy,16.4,Bengaluru,246908,high,rice
loamy,19.1,Hyderabad,286824,high,rice
loamy,8.2,Delhi,57508,medium,wheat
loamy,16.4,Lucknow,116236,medium,wheat
loamy,3.9,Nashik,27005,medium,soybean
sandy,9.3,Warangal,56477,medium,groundnut
loamy,7.6,Bengaluru,75247,high,rice
red,5.5,Delhi,24614,low,millet
loamy,6.9,Hyderabad,57504,high,maize
black,8.7,Warangal,70435,medium,maize
red,19.1,Warangal,309114,medium,cotton
loamy,5.8,Pune,35859,medium,onion
loamy,11.4,Vijayawada,86104,medium,onion
loamy,2.2,Delhi,18612,medium,potato
sandy,6.6,Nashik,37103,low,groundnut
black,17.7,Hyderabad,89193,high,maize
black,2.6,Warangal,14765,medium,maize
clay,15.3,Delhi,123217,high,rice
sandy,8.0,Delhi,36009,low,groundnut
sandy,9.9,Vijayawada,52517,medium,onion
red,10.6,Nashik,87433,medium,groundnut
loamy,10.9,Hyderabad,144845,medium,rice
sandy,14.1,Nashik,106722,medium,groundnut
loamy,19.4,Hyderabad,156197,medium,rice
red,5.2,Pune,14563,medium,millet
sandy,17.7,Jaipur,131836,low,maize
loamy,3.6,Delhi,27342,medium,wheat
loamy,19.2,Vijayawada,162343,medium,chilli
loamy,10.5,Nashik,59058,medium,soybean
loamy,12.1,Nashik,95928,medium,tomato
sandy,14.1,Pune,70990,low,millet
red,3.3,Pune,19025,medium,millet
red,16.0,Bengaluru,194156,high,tomato
sandy,11.0,Warangal,102284,medium,maize
loamy,7.5,Pune,57012,medium,soybean
clay,5.1,Hyderabad,78926,high,rice
black,8.9,Nashik,60539,medium,soybean
loamy,18.9,Jaipur,223235,medium,wheat
sandy,9.3,Bengaluru,123344,medium,rice
loamy,17.1,Bengaluru,131464,high,rice
sandy,17.8,Bengaluru,191097,high,rice
sandy,18.9,Vijayawada,207370,medium,wheat
black,16.5,Nashik,205646,medium,cotton
sandy,11.7,Pune,132916,medium,onion
black,18.0,Warangal,85662,high,maize
clay,17.4,Vijayawada,172461,high,rice
loamy,8.1,Nashik,63003,medium,onion
loamy,19.9,Delhi,111885,medium,wheat
loamy,19.8,Hyderabad,141779,medium,soybean
black,16.4,Delhi,164393,high,soybean
red,15.9,Bengaluru,188793,medium,chilli
black,1.4,Nashik,12186,medium,soybean
red,4.5,Bengaluru,27023,high,onion
black,18.8,Hyderabad,289354,medium,cotton
loamy,9.7,Nashik,118499,high,tomato
sandy,6.9,Jaipur,64027,high,tomato
black,19.1,Nashik,315570,medium,cotton
loamy,8.7,Warangal,85957,high,maize
loamy,17.1,Vijayawada,143510,medium,chilli
black,15.9,Bengaluru,132466,medium,maize
loamy,1.3,Vijayawada,9585,high,tomato
sandy,11.9,Vijayawada,101742,high,potato
loamy,16.1,Pune,111930,medium,wheat
clay,10.1,Hyderabad,22918,high,groundnut
red,16.8,Hyderabad,127438,medium,cotton
loamy,16.6,Vijayawada,161491,medium,tomato
loamy,6.3,Bengaluru,42422,medium,rice
sandy,4.4,Jaipur,26266,medium,groundnut
red,8.0,Bengaluru,79062,medium,chilli
loamy,8.4,Vijayawada,115940,medium,chilli
clay,8.8,Bengaluru,99308,high,rice
black,18.5,Warangal,184911,medium,maize
red,18.8,Warangal,177738,high,rice
loamy,2.7,Warangal,28771,medium,chilli
clay,19.3,Vijayawada,102826,medium,maize
loamy,13.9,Delhi,93994,medium,wheat
loamy,5.5,Delhi,43277,medium,wheat
clay,19.6,Jaipur,225356,low,onion
loamy,6.0,Nashik,84874,high,tomato
loamy,10.7,Hyderabad,83168,medium,rice
loamy,5.8,Jaipur,63341,medium,wheat
loamy,4.2,Pune,48505,medium,wheat
loamy,16.7,Bengaluru,189959,medium,maize
loamy,10.3,Jaipur,97419,medium,wheat
loamy,3.2,Warangal,48222,medium,chilli
sandy,15.3,Nashik,144376,medium,onion
clay,14.3,Bengaluru,108102,medium,rice
black,3.8,Delhi,52413,low,tomato
loamy,17.0,Bengaluru,134000,medium,rice
black,1.3,Pune,6452,high,maize
red,3.9,Pune,14570,low,millet
loamy,19.4,Jaipur,180245,medium,wheat
red,5.5,Lucknow,55346,high,soybean
loamy,17.2,Pune,70158,medium,soybean
loamy,14.6,Lucknow,198524,high,rice
red,15.0,Warangal,104532,low,groundnut
loamy,11.4,Pune,108815,medium,onion
sandy,4.4,Jaipur,31686,high,potato
sandy,12.7,Nashik,94587,medium,onion
sandy,9.8,Nashik,69721,low,groundnut
loamy,10.4,Hyderabad,104836,medium,soybean
loamy,19.9,Lucknow,154821,medium,maize
clay,12.9,Vijayawada,186211,high,rice
red,14.8,Nashik,272314,medium,cotton
sandy,18.1,Pune,51005,low,millet
black,10.9,Hyderabad,61543,high,maize
loamy,5.7,Delhi,56176,medium,potato
black,19.2,Pune,216126,high,maize
clay,13.9,Vijayawada,93249,medium,soybean
red,19.4,Jaipur,82450,medium,millet
loamy,14.0,Hyderabad,104602,medium,maize
loamy,13.3,Lucknow,130268,medium,wheat
sandy,15.7,Nashik,144439,medium,onion
loamy,3.3,Bengaluru,16531,low,groundnut
red,4.1,Warangal,58660,low,chilli
red,7.9,Nashik,67102,medium,cotton
loamy,7.2,Bengaluru,60546,high,tomato
loamy,17.1,Jaipur,179519,medium,wheat
sandy,12.8,Pune,71682,medium,onion
loamy,4.4,Warangal,18614,high,maize
loamy,16.9,Vijayawada,131620,high,tomato
loamy,17.3,Lucknow,220408,medium,potato
sandy,19.2,Pune,92271,medium,millet
loamy,10.4,Nashik,60975,medium,soybean
red,7.9,Pune,46259,medium,millet
red,12.7,Pune,36126,low,millet
black,17.8,Hyderabad,85888,medium,wheat
clay,17.7,Bengaluru,159459,medium,rice
loamy,5.0,Warangal,38631,high,wheat
sandy,4.5,Pune,21553,low,millet
loamy,19.3,Pune,220610,medium,wheat
red,3.5,Hyderabad,34867,medium,cotton
loamy,11.0,Pune,68169,medium,onion
loamy,4.8,Pune,45508,medium,maize
sandy,8.2,Pune,66336,high,maize
red,4.9,Delhi,46252,low,rice
loamy,2.7,Pune,27798,medium,onion
loamy,15.2,Delhi,183692,medium,potato
red,11.9,Jaipur,53350,medium,millet
loamy,14.9,Vijayawada,217840,medium,rice
loamy,9.7,Nashik,127498,high,tomato
black,3.9,Warangal,47855,medium,cotton
loamy,2.9,Delhi,31253,high,soybean
loamy,5.5,Nashik,78375,high,tomato
black,6.9,Pune,42078,medium,maize
loamy,5.7,Nashik,51396,high,tomato
clay,14.8,Bengaluru,185426,medium,rice
red,4.3,Jaipur,17275,high,maize
loamy,5.1,Pune,54287,medium,wheat
sandy,3.6,Jaipur,5000,low,millet
sandy,15.5,Jaipur,30770,low,millet
loamy,14.7,Delhi,128772,medium,potato
red,2.2,Jaipur,12113,low,millet
clay,16.5,Hyderabad,182879,medium,rice
loamy,17.6,Nashik,173356,medium,soybean
sandy,15.8,Vijayawada,145568,low,soybean
black,13.4,Nashik,84460,medium,soybean
loamy,5.0,Vijayawada,44943,medium,onion
black,14.9,Nashik,79226,medium,soybean
loamy,3.7,Pune,41126,medium,wheat
loamy,3.5,Delhi,35050,medium,wheat
loamy,15.1,Pune,131946,high,maize
loamy,11.9,Vijayawada,92891,medium,onion
loamy,17.7,Vijayawada,165388,medium,tomato
sandy,6.4,Warangal,26586,low,groundnut
loamy,12.3,Nashik,101659,medium,onion
loamy,16.4,Bengaluru,170884,high,tomato
loamy,1.3,Warangal,20341,medium,chilli
loamy,18.8,Jaipur,161875,medium,wheat
sandy,1.5,Pune,10062,medium,onion
loamy,3.3,Vijayawada,39877,low,wheat
black,12.8,Nashik,69058,medium,soybean
loamy,3.5,Delhi,22026,medium,potato
sandy,16.7,Warangal,62625,medium,groundnut
loamy,2.1,Bengaluru,24656,medium,chilli
clay,9.0,Bengaluru,129477,medium,rice
red,7.6,Nashik,56522,medium,groundnut
sandy,16.9,Warangal,85169,low,groundnut
sandy,3.3,Jaipur,21901,low,groundnut
loamy,2.9,Vijayawada,30182,medium,onion
loamy,11.3,Nashik,141869,high,tomato
sandy,17.5,Nashik,121474,medium,onion
sandy,8.8,Warangal,66547,medium,wheat
loamy,7.9,Lucknow,46848,medium,wheat
black,14.4,Bengaluru,147611,medium,onion
clay,9.5,Vijayawada,126325,high,rice
loamy,7.3,Nashik,62628,medium,tomato
loamy,18.5,Delhi,202245,high,chilli
black,11.0,Warangal,127927,low,tomato
black,8.9,Warangal,44660,medium,maize
loamy,12.2,Delhi,79624,medium,wheat
red,5.5,Warangal,91225,medium,chilli
sandy,14.4,Pune,119050,medium,onion
sandy,16.3,Pune,97637,medium,millet
red,13.3,Nashik,78919,medium,groundnut
red,15.2,Hyderabad,197748,medium,cotton
loamy,19.1,Jaipur,149644,medium,wheat
loamy,9.3,Lucknow,77033,medium,potato
red,16.6,Hyderabad,135987,medium,cotton
red,10.8,Jaipur,47569,low,groundnut
sandy,13.0,Delhi,50692,low,onion
loamy,15.3,Warangal,196473,medium,chilli
loamy,14.9,Pune,55040,medium,soybean
sandy,11.2,Nashik,114493,medium,onion
black,8.1,Pune,73420,high,maize
loamy,10.0,Vijayawada,130790,high,rice
loamy,8.7,Delhi,61905,medium,potato
loamy,4.1,Bengaluru,64529,medium,chilli
loamy,20.0,Bengaluru,262784,medium,chilli
loamy,3.2,Lucknow,34074,medium,potato
loamy,18.1,Lucknow,191834,medium,wheat
red,7.3,Bengaluru,111332,medium,chilli
loamy,17.8,Nashik,192923,high,tomato
loamy,6.0,Bengaluru,85000,high,tomato
loamy,9.4,Hyderabad,66243,medium,soybean
loamy,12.0,Pune,64528,high,maize
black,10.5,Lucknow,159240,medium,cotton
loamy,10.5,Lucknow,80033,medium,soybean
loamy,19.8,Nashik,150278,medium,soybean
loamy,2.4,Nashik,13994,medium,onion
loamy,3.1,Jaipur,23811,medium,wheat
red,18.4,Nashik,160672,medium,cotton
sandy,18.2,Delhi,45587,medium,millet
red,9.1,Warangal,34727,low,groundnut
loamy,8.9,Vijayawada,74494,medium,chilli
loamy,11.9,Jaipur,99848,medium,wheat
loamy,2.5,Pune,17266,medium,onion
sandy,8.5,Warangal,60178,low,groundnut
red,12.1,Lucknow,124184,medium,tomato
loamy,17.5,Hyderabad,123322,medium,soybean
red,12.7,Pune,29502,medium,millet
black,8.2,Nashik,54239,medium,soybean
loamy,2.2,Hyderabad,25382,medium,rice
loamy,19.5,Nashik,137673,medium,soybean
red,10.2,Vijayawada,161747,medium,chilli
clay,4.4,Vijayawada,55401,high,rice
black,9.2,Pune,80071,high,groundnut
loamy,7.0,Nashik,50570,high,tomato
red,15.9,Pune,34840,medium,millet
sandy,3.5,Nashik,24459,low,groundnut
red,7.4,Jaipur,23737,medium,millet
red,18.6,Nashik,129939,medium,groundnut
clay,6.6,Hyderabad,49843,high,rice
loamy,7.0,Delhi,78813,medium,potato
loamy,2.9,Jaipur,25178,medium,wheat
red,19.9,Lucknow,107233,medium,millet
loamy,8.5,Vijayawada,116599,high,rice
loamy,17.8,Warangal,147134,low,potato
sandy,16.1,Delhi,57338,medium,millet
black,4.1,Pune,36026,medium,maize
black,14.2,Nashik,156029,medium,cotton
red,16.6,Jaipur,236759,low,tomato
black,11.6,Hyderabad,56123,medium,maize
red,18.9,Nashik,162876,medium,cotton
red,3.8,Nashik,23034,medium,groundnut
sandy,14.5,Vijayawada,152783,low,cotton
loamy,15.5,Delhi,191505,medium,potato
black,16.8,Pune,141160,medium,cotton
loamy,13.4,Pune,129109,medium,onion
sandy,7.3,Delhi,65022,high,rice
red,3.8,Vijayawada,57560,medium,chilli
clay,18.5,Pune,93931,low,soybean
loamy,10.8,Vijayawada,153522,medium,chilli
clay,13.7,Pune,114126,low,wheat
red,14.1,Pune,52841,low,millet
loamy,14.0,Pune,103661,medium,potato
loamy,13.6,Bengaluru,208648,medium,chilli
sandy,19.7,Vijayawada,114228,medium,onion
loamy,5.8,Lucknow,49274,medium,potato
black,18.2,Nashik,187350,medium,cotton
sandy,16.1,Vijayawada,130187,medium,onion
red,18.9,Hyderabad,105798,medium,maize
black,5.0,Hyderabad,43942,medium,soybean
loamy,1.0,Pune,5507,medium,maize
loamy,18.3,Pune,182502,medium,wheat
red,3.3,Lucknow,37297,high,onion
sandy,6.5,Pune,65191,medium,onion
clay,10.7,Bengaluru,195465,medium,cotton
clay,7.0,Bengaluru,100858,medium,rice
red,14.9,Warangal,111109,medium,tomato
clay,18.9,Hyderabad,201821,high,rice
black,9.3,Pune,101531,medium,soybean
red,18.4,Warangal,160930,medium,chilli
sandy,9.5,Bengaluru,46067,high,groundnut
red,8.0,Jaipur,43408,medium,millet
sandy,3.7,Vijayawada,28310,medium,onion
sandy,11.0,Pune,121193,medium,onion
loamy,2.4,Vijayawada,27265,medium,onion
clay,9.6,Vijayawada,131285,high,rice
loamy,17.7,Nashik,144078,medium,tomato
sandy,17.2,Jaipur,96488,medium,millet
black,7.0,Nashik,51570,medium,soybean
loamy,8.3,Delhi,56508,medium,wheat
loamy,12.3,Hyderabad,56607,medium,maize
loamy,10.7,Pune,87134,medium,maize
loamy,11.5,Lucknow,77378,medium,wheat
red,3.4,Vijayawada,46590,medium,chilli
loamy,18.8,Pune,181514,medium,soybean
clay,19.1,Bengaluru,200259,high,rice
loamy,18.5,Delhi,154068,medium,potato
loamy,13.4,Pune,74812,medium,soybean
sandy,9.0,Nashik,55627,medium,onion
red,15.9,Hyderabad,211638,medium,tomato
loamy,17.0,Nashik,153673,medium,onion
sandy,17.7,Vijayawada,187655,medium,wheat
red,1.6,Pune,5000,low,millet
red,18.2,Hyderabad,86278,medium,wheat
red,13.3,Bengaluru,157482,medium,chilli
loamy,5.9,Nashik,42824,medium,soybean
loamy,4.8,Pune,66494,medium,potato
sandy,1.9,Warangal,6141,low,groundnut
red,18.0,Pune,57607,low,millet
clay,16.7,Pune,248302,medium,cotton
loamy,6.2,Lucknow,14856,medium,millet
sandy,17.9,Nashik,134572,medium,onion
sandy,19.6,Pune,156533,medium,onion
clay,7.3,Vijayawada,110086,medium,chilli
clay,12.8,Hyderabad,142812,high,potato
red,16.7,Jaipur,95186,low,millet
loamy,14.3,Pune,75481,medium,soybean
loamy,15.8,Hyderabad,128365,high,rice
loamy,9.5,Bengaluru,103223,medium,tomato
loamy,12.8,Vijayawada,93591,medium,tomato
red,4.5,Pune,31025,medium,cotton
red,2.5,Jaipur,5000,low,millet
loamy,12.7,Lucknow,136766,medium,wheat
loamy,17.0,Hyderabad,200695,medium,rice
loamy,18.4,Pune,198705,medium,potato
loamy,13.9,Warangal,182740,medium,chilli
sandy,3.4,Warangal,27333,low,cotton
black,15.4,Lucknow,215846,low,rice
loamy,19.2,Jaipur,164286,medium,wheat
sandy,1.9,Pune,10861,medium,millet
loamy,13.2,Bengaluru,165638,high,tomato
loamy,10.1,Vijayawada,121913,medium,tomato
loamy,3.4,Bengaluru,32300,medium,rice
red,8.5,Nashik,93069,medium,cotton
loamy,13.0,Delhi,79370,medium,potato
loamy,8.4,Vijayawada,78486,medium,rice
red,13.6,Nashik,46248,low,groundnut
black,2.8,Pune,19646,medium,soybean
loamy,7.8,Bengaluru,76689,high,rice
clay,18.2,Hyderabad,112523,medium,rice
loamy,13.9,Jaipur,70681,medium,wheat
loamy,12.3,Pune,103797,medium,potato
loamy,17.0,Nashik,90171,medium,soybean
loamy,7.7,Vijayawada,68177,medium,tomato
black,1.0,Warangal,8554,high,maize
loamy,9.2,Lucknow,55937,medium,potato
loamy,10.9,Hyderabad,95475,medium,maize
loamy,10.6,Delhi,78384,medium,potato
red,14.1,Nashik,217952,medium,cotton
loamy,2.0,Pune,25546,medium,potato
black,8.1,Bengaluru,19764,high,millet
black,17.5,Hyderabad,108706,medium,maize
loamy,2.0,Bengaluru,28498,medium,chilli
sandy,19.0,Vijayawada,151939,medium,onion
clay,14.9,Vijayawada,143838,medium,rice
loamy,13.8,Pune,104501,medium,onion
loamy,18.8,Bengaluru,198144,medium,chilli
loamy,18.7,Bengaluru,135833,medium,maize
loamy,7.4,Jaipur,85819,medium,wheat
clay,7.5,Hyderabad,99883,high,rice
loamy,12.1,Nashik,88717,medium,soybean
black,19.8,Hyderabad,101970,medium,soybean
loamy,17.4,Lucknow,143094,medium,wheat
loamy,19.3,Warangal,110546,medium,maize
sandy,11.8,Delhi,119609,high,onion
black,8.7,Hyderabad,126739,medium,cotton
black,14.3,Jaipur,32400,medium,millet
black,6.5,Hyderabad,28574,high,maize
sandy,12.5,Warangal,69652,medium,groundnut
red,8.2,Warangal,98090,medium,cotton
loamy,2.7,Lucknow,28231,medium,potato
black,7.1,Hyderabad,58856,medium,maize
loamy,12.8,Bengaluru,206031,medium,chilli
loamy,11.8,Vijayawada,95688,high,tomato
loamy,19.3,Nashik,168990,high,tomato
loamy,5.3,Hyderabad,28565,medium,groundnut
sandy,16.9,Bengaluru,59288,high,groundnut
red,9.9,Vijayawada,113855,medium,chilli
red,9.6,Pune,130035,high,tomato
loamy,8.0,Pune,65788,medium,soybean
clay,16.3,Delhi,205217,medium,potato
loamy,8.0,Nashik,74568,medium,tomato
loamy,16.5,Vijayawada,148750,medium,onion
loamy,6.7,Hyderabad,52079,high,maize
loamy,8.0,Delhi,76958,medium,potato
clay,2.0,Delhi,11353,low,soybean
red,4.0,Bengaluru,44992,high,chilli
clay,2.1,Pune,20576,medium,tomato
loamy,1.3,Pune,14231,medium,soybean
loamy,18.7,Vijayawada,160831,medium,onion
loamy,7.9,Lucknow,72461,medium,wheat
loamy,17.0,Bengaluru,238642,medium,chilli
black,19.3,Warangal,280178,low,chilli
sandy,17.6,Lucknow,235593,high,chilli
black,8.6,Bengaluru,41842,high,maize
sandy,2.2,Jaipur,6006,medium,millet
clay,18.6,Jaipur,242517,low,rice
sandy,14.0,Jaipur,41944,low,millet
loamy,3.3,Bengaluru,25143,high,maize
loamy,12.9,Hyderabad,144694,high,rice
loamy,12.8,Jaipur,84403,medium,wheat
red,4.5,Pune,9789,low,millet
loamy,16.7,Vijayawada,220510,medium,chilli
loamy,15.6,Warangal,155628,medium,chilli
loamy,10.0,Lucknow,97660,medium,potato
black,10.6,Pune,143600,medium,cotton
loamy,4.6,Bengaluru,55280,high,rice
black,1.3,Pune,9746,medium,soybean
loamy,19.3,Jaipur,142762,medium,wheat
loamy,10.1,Pune,94790,medium,potato
red,19.7,Jaipur,55061,low,millet
loamy,5.8,Warangal,51874,medium,maize
loamy,2.1,Pune,19878,medium,maize
red,18.1,Bengaluru,116477,medium,maize
black,2.1,Warangal,34629,low,cotton
loamy,13.7,Nashik,138334,high,tomato
clay,17.9,Lucknow,219203,low,cotton
loamy,6.4,Pune,36808,medium,wheat
loamy,6.3,Bengaluru,49322,high,tomato
loamy,18.8,Pune,130716,medium,potato
loamy,11.8,Bengaluru,135796,medium,chilli
red,11.9,Warangal,167359,medium,chilli
loamy,16.3,Bengaluru,230990,high,tomato
loamy,19.6,Hyderabad,182754,high,rice
red,6.8,Warangal,113369,medium,chilli
red,9.6,Hyderabad,143736,medium,cotton
clay,18.0,Hyderabad,146919,high,rice
black,15.5,Hyderabad,256466,medium,cotton
red,9.0,Lucknow,110050,high,potato
loamy,2.7,Pune,28784,high,cotton
loamy,4.5,Vijayawada,65604,medium,tomato
loamy,10.2,Delhi,100990,medium,wheat
loamy,1.9,Bengaluru,25252,high,tomato
black,15.5,Hyderabad,93406,high,maize
loamy,4.8,Delhi,34400,medium,potato
sandy,5.6,Delhi,12411,medium,millet
red,19.5,Jaipur,114250,low,millet
black,13.1,Nashik,72288,medium,soybean
red,8.0,Vijayawada,85588,medium,chilli
loamy,4.1,Delhi,30517,medium,potato
loamy,18.4,Nashik,145864,high,tomato
red,13.5,Delhi,107970,medium,soybean
red,14.5,Nashik,257650,medium,cotton
loamy,5.6,Pune,45952,medium,wheat
red,6.0,Jaipur,44724,medium,groundnut
loamy,10.5,Nashik,59068,medium,onion
black,3.0,Hyderabad,13960,medium,maize
red,3.2,Vijayawada,21767,medium,rice
loamy,6.5,Delhi,83180,medium,potato
loamy,1.8,Nashik,13479,medium,tomato
red,5.2,Jaipur,20656,medium,groundnut
loamy,3.2,Nashik,23672,high,rice
loamy,12.1,Pune,134706,medium,potato
red,18.5,Bengaluru,224886,medium,chilli
black,4.6,Hyderabad,33867,medium,soybean
sandy,8.0,Jaipur,40555,low,millet
black,1.6,Hyderabad,14327,medium,cotton
red,13.5,Pune,154912,medium,cotton
clay,16.2,Bengaluru,254634,medium,rice
loamy,18.0,Vijayawada,200030,medium,tomato
black,13.3,Hyderabad,61049,high,soybean
loamy,1.7,Delhi,16071,medium,potato
sandy,16.9,Bengaluru,254054,low,cotton
clay,15.3,Vijayawada,159649,medium,rice
loamy,3.6,Pune,14619,medium,maize
loamy,5.2,Nashik,37078,medium,tomato
red,18.1,Nashik,136412,low,groundnut
loamy,12.6,Delhi,99048,medium,potato
red,13.2,Pune,31299,low,millet
black,1.6,Nashik,23026,medium,cotton
sandy,2.3,Jaipur,15041,low,groundnut
sandy,4.1,Jaipur,39783,low,soybean
black,18.4,Bengaluru,184864,medium,maize
red,10.4,Warangal,74969,low,groundnut
sandy,11.3,Jaipur,62507,medium,groundnut
black,17.6,Jaipur,122217,low,onion
loamy,11.1,Lucknow,111552,medium,wheat
loamy,9.6,Jaipur,44471,low,groundnut
loamy,11.1,Delhi,54474,medium,wheat
sandy,17.9,Vijayawada,101228,medium,onion
loamy,18.7,Lucknow,102333,medium,wheat
black,7.0,Hyderabad,51283,medium,soybean
loamy,5.7,Jaipur,63381,medium,wheat
loamy,3.1,Pune,27253,medium,onion
black,15.1,Bengaluru,133638,high,maize
loamy,17.7,Vijayawada,174504,high,rice
clay,16.3,Hyderabad,155687,medium,rice
red,2.4,Delhi,30363,high,rice
red,13.1,Delhi,41794,medium,millet
red,18.5,Pune,212986,medium,cotton
loamy,2.5,Delhi,20033,medium,potato
loamy,8.0,Vijayawada,70032,medium,tomato
black,5.1,Warangal,34701,medium,maize
black,13.7,Pune,93935,high,maize
loamy,2.4,Pune,10272,high,maize
loamy,3.0,Warangal,31648,medium,chilli
loamy,17.2,Vijayawada,266978,medium,chilli
loamy,15.9,Pune,59647,medium,maize
sandy,8.9,Pune,40656,medium,millet
clay,6.0,Warangal,44629,low,potato
sandy,8.4,Nashik,42104,medium,onion
black,7.0,Lucknow,57040,medium,soybean
red,15.7,Delhi,72483,medium,millet
loamy,3.7,Lucknow,27243,medium,wheat
loamy,14.1,Bengaluru,132523,low,tomato
clay,18.8,Hyderabad,182141,high,rice
black,3.9,Nashik,41549,medium,soybean
loamy,4.8,Vijayawada,43721,medium,tomato
loamy,14.1,Pune,146239,medium,onion
loamy,11.2,Hyderabad,59236,medium,maize
black,7.2,Warangal,87965,medium,cotton
loamy,18.6,Hyderabad,141825,medium,maize
black,9.2,Nashik,70002,medium,soybean
loamy,12.6,Lucknow,125972,medium,potato
loamy,10.6,Bengaluru,115402,medium,tomato
red,9.2,Vijayawada,128450,medium,chilli
sandy,10.6,Warangal,44988,low,groundnut
loamy,10.7,Warangal,89993,medium,maize
black,14.5,Warangal,216415,medium,cotton
clay,9.0,Vijayawada,65203,medium,rice
loamy,17.3,Bengaluru,260444,medium,chilli
sandy,8.8,Warangal,61388,low,groundnut
sandy,11.3,Delhi,146777,medium,potato
red,14.6,Nashik,108437,low,groundnut
black,4.2,Bengaluru,31494,high,maize
sandy,12.7,Delhi,62704,low,millet
black,13.8,Nashik,89214,medium,soybean
red,9.5,Warangal,130535,medium,chilli
red,9.3,Bengaluru,111518,medium,chilli
black,6.8,Hyderabad,68841,medium,soybean
red,10.7,Vijayawada,124278,medium,chilli
clay,16.9,Delhi,135673,low,soybean
clay,8.2,Delhi,98308,low,onion
loamy,4.2,Nashik,21271,medium,soybean
red,17.9,Vijayawada,183295,medium,chilli
loamy,11.5,Hyderabad,128795,medium,rice
loamy,3.0,Bengaluru,27934,medium,rice
black,16.5,Nashik,236339,medium,cotton
sandy,8.9,Vijayawada,56862,medium,onion
red,1.9,Warangal,16376,medium,cotton
red,4.9,Pune,28953,low,millet
sandy,13.6,Pune,65323,medium,millet
sandy,11.1,Nashik,34718,medium,groundnut
loamy,9.1,Warangal,74032,medium,maize
loamy,12.3,Lucknow,102136,medium,wheat
clay,16.6,Vijayawada,231553,medium,rice
sandy,18.3,Jaipur,51715,medium,millet
loamy,4.5,Nashik,35046,medium,soybean
loamy,9.4,Pune,50239,high,maize
clay,14.0,Vijayawada,139706,medium,rice
sandy,16.7,Delhi,52083,medium,millet
red,7.3,Hyderabad,65381,medium,cotton
sandy,13.5,Jaipur,49040,low,millet
sandy,13.0,Jaipur,91548,high,wheat
loamy,11.6,Pune,107058,medium,potato
red,4.2,Warangal,65773,medium,chilli
red,10.3,Delhi,29923,low,millet
black,13.1,Nashik,69982,medium,soybean
sandy,10.0,Delhi,49760,medium,millet
red,3.1,Delhi,14914,low,millet
loamy,18.1,Lucknow,170270,medium,potato
black,11.1,Warangal,121134,medium,cotton
loamy,9.1,Nashik,118527,medium,tomato
loamy,10.0,Vijayawada,82818,high,rice
clay,4.4,Vijayawada,65862,high,rice
loamy,10.2,Pune,84370,medium,potato
loamy,6.3,Pune,71001,medium,onion
loamy,16.4,Vijayawada,227123,high,tomato
clay,12.2,Bengaluru,126052,low,soybean
loamy,12.6,Nashik,137813,medium,soybean
black,11.5,Pune,61133,medium,soybean
loamy,14.4,Pune,150644,medium,potato
sandy,15.0,Nashik,132960,medium,onion
sandy,11.7,Vijayawada,115347,medium,onion
black,10.8,Nashik,58397,medium,millet
sandy,12.1,Vijayawada,71832,low,wheat
loamy,13.1,Pune,156298,medium,onion
black,19.3,Nashik,249649,low,potato
clay,4.0,Delhi,21011,low,millet
sandy,5.0,Vijayawada,49263,low,tomato
sandy,19.7,Nashik,161957,medium,onion
sandy,9.9,Nashik,80249,medium,onion
loamy,16.6,Vijayawada,226925,medium,rice
red,15.6,Pune,48718,low,millet
loamy,5.6,Warangal,53720,medium,chilli
black,13.3,Hyderabad,107841,medium,soybean
sandy,11.1,Jaipur,63951,medium,millet
loamy,3.6,Pune,33464,medium,onion
black,10.4,Warangal,145375,medium,cotton
loamy,10.7,Nashik,105337,high,tomato
black,2.1,Nashik,13830,medium,soybean
clay,6.5,Hyderabad,70242,medium,rice
red,11.8,Vijayawada,131426,medium,chilli
sandy,19.2,Delhi,74910,low,millet
black,1.5,Nashik,12279,medium,soybean
black,5.7,Bengaluru,22974,high,maize
black,2.5,Hyderabad,12878,high,maize
loamy,16.5,Jaipur,154895,medium,wheat
red,13.7,Warangal,52270,low,groundnut
sandy,9.0,Nashik,76149,medium,onion
loamy,9.6,Vijayawada,99809,high,tomato
loamy,11.9,Nashik,62870,medium,onion
clay,12.9,Bengaluru,230755,medium,rice
loamy,6.1,Bengaluru,77307,medium,rice
red,11.2,Pune,41527,low,millet
loamy,13.2,Delhi,100639,medium,potato
red,15.7,Warangal,185347,low,tomato
loamy,9.9,Bengaluru,123425,high,rice
loamy,10.0,Warangal,133044,medium,chilli
sandy,18.3,Hyderabad,254926,low,rice
red,3.5,Jaipur,19499,low,millet
sandy,18.0,Jaipur,122731,medium,groundnut
loamy,15.4,Nashik,90518,medium,soybean
loamy,8.1,Delhi,63335,medium,wheat
sandy,2.9,Jaipur,50361,low,cotton
loamy,14.9,Lucknow,210131,medium,chilli
sandy,4.4,Vijayawada,45464,medium,onion
clay,16.8,Vijayawada,147772,low,wheat
loamy,12.8,Warangal,120499,medium,chilli
clay,2.0,Hyderabad,30023,medium,rice
clay,18.8,Bengaluru,273656,medium,rice
loamy,14.7,Pune,106951,high,maize
loamy,10.0,Delhi,51306,medium,wheat
sandy,16.2,Jaipur,46895,medium,millet
clay,15.3,Bengaluru,184343,high,rice
loamy,16.4,Hyderabad,121861,high,rice
loamy,4.5,Hyderabad,33996,medium,soybean
clay,3.1,Pune,48808,medium,rice
loamy,6.8,Delhi,41360,medium,potato
loamy,4.5,Bengaluru,43674,medium,tomato
black,18.3,Pune,114254,medium,maize
sandy,16.6,Nashik,79344,low,groundnut
black,9.0,Hyderabad,78564,high,potato
loamy,13.4,Warangal,189805,medium,chilli
red,12.1,Vijayawada,86210,low,soybean
sandy,3.1,Jaipur,8359,low,millet
loamy,14.9,Pune,151598,medium,onion
clay,18.3,Lucknow,194148,medium,onion
loamy,10.5,Pune,84373,medium,onion
red,16.6,Nashik,131302,low,groundnut
red,17.1,Hyderabad,195480,low,onion
black,14.8,Warangal,98351,medium,maize
loamy,19.6,Vijayawada,148705,medium,onion
red,3.2,Warangal,10419,medium,groundnut
black,14.6,Pune,114303,medium,soybean
loamy,18.8,Bengaluru,291907,high,rice
clay,5.1,Hyderabad,49766,medium,maize
clay,8.7,Vijayawada,137014,high,rice
black,8.7,Warangal,83432,medium,cotton
loamy,3.9,Bengaluru,61889,medium,rice
red,19.0,Hyderabad,365058,medium,cotton
black,7.4,Pune,63272,medium,soybean
sandy,5.7,Delhi,67475,high,onion
clay,2.8,Hyderabad,32748,high,rice
sandy,13.6,Lucknow,123980,low,cotton
sandy,19.3,Vijayawada,132297,medium,onion
sandy,2.3,Nashik,6396,low,groundnut
black,7.1,Hyderabad,95057,medium,cotton
loamy,17.4,Hyderabad,188553,medium,soybean
loamy,17.7,Nashik,251619,medium,tomato
red,10.8,Lucknow,80492,low,rice
clay,1.6,Vijayawada,17339,low,soybean
sandy,5.3,Delhi,27519,medium,millet
sandy,7.5,Delhi,18777,medium,millet
loamy,19.1,Lucknow,170203,medium,potato
loamy,15.9,Vijayawada,153361,medium,onion
sandy,1.6,Pune,7368,medium,millet
loamy,2.0,Delhi,23179,medium,potato
loamy,17.7,Warangal,74233,high,maize
loamy,1.6,Warangal,10078,high,maize
clay,15.3,Jaipur,119639,low,groundnut
clay,17.6,Delhi,308140,medium,cotton
loamy,8.3,Vijayawada,89907,medium,chilli
loamy,14.7,Hyderabad,89517,medium,rice
clay,11.6,Vijayawada,132249,medium,chilli
loamy,15.2,Nashik,169723,medium,tomato
loamy,17.1,Jaipur,68824,medium,maize
black,17.8,Vijayawada,204956,low,tomato
black,16.8,Pune,182216,high,tomato
loamy,19.5,Vijayawada,159841,medium,chilli
clay,5.5,Jaipur,42748,high,wheat
clay,15.0,Pune,116373,low,groundnut
loamy,9.2,Nashik,104949,medium,tomato
red,4.3,Warangal,20136,low,groundnut
loamy,2.9,Vijayawada,23642,high,tomato
black,1.0,Hyderabad,5961,medium,soybean
red,6.5,Vijayawada,109691,medium,chilli
sandy,9.0,Lucknow,77702,high,onion
black,19.9,Hyderabad,183326,medium,rice
black,2.6,Pune,21586,high,maize
loamy,15.1,Bengaluru,65440,medium,maize
loamy,13.2,Nashik,83384,medium,onion
loamy,3.0,Nashik,15420,medium,onion
loamy,1.3,Lucknow,12503,medium,potato
black,10.4,Bengaluru,38488,low,groundnut
loamy,17.8,Delhi,123140,medium,wheat
black,6.4,Hyderabad,29731,medium,maize
red,4.9,Warangal,79576,medium,chilli
loamy,18.5,Pune,139945,medium,potato
sandy,12.4,Pune,84362,medium,onion
clay,11.5,Vijayawada,84943,high,rice
sandy,17.7,Nashik,135546,medium,onion
loamy,11.2,Nashik,91994,medium,soybean
loamy,3.0,Delhi,34484,medium,potato
clay,8.0,Bengaluru,123790,high,rice
sandy,6.6,Jaipur,24310,low,millet
black,12.1,Pune,113759,medium,maize
loamy,10.0,Bengaluru,104022,high,tomato
clay,17.1,Delhi,146235,low,tomato
sandy,16.9,Delhi,39880,low,millet
black,4.8,Hyderabad,26753,low,groundnut
red,12.8,Vijayawada,107957,medium,rice
red,6.7,Warangal,72953,medium,cotton
loamy,2.9,Lucknow,23190,medium,wheat
loamy,5.7,Lucknow,58703,medium,wheat
red,2.8,Bengaluru,33771,medium,chilli
sandy,19.9,Delhi,94652,medium,millet
loamy,7.4,Delhi,90225,medium,potato
loamy,5.4,Pune,44263,medium,wheat
red,8.2,Delhi,35868,low,millet
red,6.6,Warangal,85962,medium,chilli
red,1.7,Warangal,10253,medium,groundnut
loamy,3.3,Jaipur,22575,medium,wheat
black,2.2,Bengaluru,29274,high,tomato
loamy,16.6,Delhi,122458,medium,wheat
red,4.1,Nashik,17165,medium,groundnut
black,11.5,Pune,113339,high,maize
black,9.5,Delhi,44106,medium,groundnut
loamy,14.8,Nashik,134256,high,tomato
loamy,11.1,Vijayawada,95939,high,tomato
red,10.8,Delhi,58274,low,onion
red,7.4,Bengaluru,54105,high,onion
red,18.9,Delhi,40944,low,millet
loamy,19.2,Hyderabad,148608,medium,soybean
red,14.0,Delhi,28809,medium,millet
sandy,14.5,Pune,104069,medium,millet
red,15.8,Pune,34459,low,millet
sandy,3.5,Jaipur,19730,medium,groundnut
black,15.5,Pune,221950,medium,cotton
black,4.1,Warangal,51029,medium,potato
red,12.0,Warangal,64874,low,groundnut
black,12.1,Hyderabad,188561,medium,cotton
loamy,4.5,Warangal,19668,high,maize
loamy,2.4,Bengaluru,33986,medium,tomato
sandy,17.9,Warangal,217739,low,potato
sandy,4.5,Pune,61404,low,rice
loamy,4.0,Pune,39285,medium,potato
red,19.2,Nashik,58268,low,groundnut
clay,7.2,Hyderabad,69500,medium,rice
black,15.4,Nashik,147719,medium,soybean
loamy,7.6,Warangal,71353,medium,maize
clay,9.6,Hyderabad,111761,high,rice
loamy,7.8,Warangal,118932,medium,chilli
red,10.6,Warangal,147687,medium,cotton
loamy,17.1,Vijayawada,208537,medium,onion
loamy,4.2,Bengaluru,34655,high,rice
clay,11.9,Hyderabad,103092,low,wheat
loamy,4.3,Vijayawada,36644,high,rice
loamy,13.4,Pune,124695,medium,maize
sandy,7.2,Pune,24059,low,millet
loamy,14.2,Lucknow,214888,medium,chilli
black,18.5,Pune,230202,medium,cotton
black,11.2,Nashik,97419,medium,soybean
loamy,12.0,Vijayawada,110227,medium,chilli
loamy,3.7,Pune,24152,medium,potato
loamy,6.3,Delhi,63313,medium,potato
black,18.1,Pune,112538,low,wheat
sandy,14.4,Jaipur,66124,low,millet
loamy,10.0,Jaipur,103474,medium,wheat
black,14.3,Bengaluru,51534,high,maize
loamy,4.0,Pune,20117,medium,soybean
clay,14.4,Pune,83528,low,onion
loamy,6.1,Lucknow,31293,medium,wheat
loamy,17.2,Pune,167813,high,maize
black,19.5,Vijayawada,183690,high,potato
red,5.5,Jaipur,14367,low,millet
red,19.4,Nashik,81126,low,groundnut
red,8.3,Jaipur,48365,medium,groundnut
black,11.6,Pune,102769,medium,soybean
sandy,13.6,Delhi,68845,low,millet
loamy,16.8,Vijayawada,233708,high,tomato
sandy,16.0,Vijayawada,180204,medium,onion
clay,15.8,Vijayawada,120753,medium,rice
sandy,12.1,Pune,53796,medium,millet
loamy,11.1,Hyderabad,45026,medium,maize
red,8.8,Delhi,43391,low,millet
black,5.7,Pune,54962,medium,soybean
sandy,8.9,Jaipur,62015,low,groundnut
black,6.0,Vijayawada,40117,low,maize
sandy,2.3,Nashik,11086,high,millet
sandy,15.4,Nashik,53755,low,groundnut
loamy,4.0,Hyderabad,36231,medium,soybean
loamy,1.4,Lucknow,9258,medium,potato
sandy,3.1,Pune,31751,medium,onion
loamy,5.1,Vijayawada,49476,medium,chilli
sandy,4.3,Nashik,39848,medium,onion
red,4.9,Nashik,13181,medium,groundnut
black,19.3,Nashik,226018,medium,cotton
sandy,16.5,Warangal,87232,low,groundnut
loamy,18.0,Vijayawada,199450,medium,wheat
sandy,12.5,Pune,96647,medium,onion
loamy,7.2,Bengaluru,66965,high,maize
red,11.7,Jaipur,61307,low,millet
loamy,9.5,Pune,55869,medium,maize
sandy,9.1,Jaipur,40360,medium,groundnut
red,1.2,Delhi,6884,medium,millet
red,8.9,Bengaluru,30055,medium,millet
loamy,14.4,Pune,120669,medium,soybean
loamy,10.2,Jaipur,118479,medium,wheat
red,12.5,Jaipur,63817,medium,groundnut
loamy,9.1,Bengaluru,63861,medium,rice
red,19.2,Warangal,85547,low,groundnut
loamy,2.6,Nashik,26501,medium,onion
clay,13.9,Pune,143008,medium,potato
loamy,10.9,Bengaluru,103144,medium,tomato
loamy,14.2,Nashik,155277,medium,onion
sandy,9.6,Pune,69045,high,soybean
sandy,9.1,Pune,94629,medium,onion
loamy,9.1,Bengaluru,44690,high,millet
loamy,1.4,Pune,15074,medium,onion
loamy,17.9,Nashik,168328,medium,tomato
clay,13.3,Hyderabad,169035,low,potato
loamy,11.9,Bengaluru,156720,medium,tomato
black,7.0,Hyderabad,58207,medium,cotton
loamy,3.2,Bengaluru,31390,medium,chilli
loamy,9.4,Pune,105862,medium,potato
loamy,12.0,Nashik,147261,medium,tomato
sandy,15.6,Bengaluru,243438,medium,chilli
sandy,11.7,Lucknow,82995,high,onion
loamy,18.4,Bengaluru,150607,medium,tomato
clay,4.0,Hyderabad,45244,medium,rice
black,19.8,Pune,243219,medium,cotton
black,19.6,Nashik,197560,medium,soybean
loamy,4.6,Lucknow,52137,medium,potato
sandy,13.5,Jaipur,74258,medium,millet
loamy,3.1,Warangal,43730,high,cotton
loamy,13.6,Pune,145743,medium,potato
loamy,18.5,Vijayawada,339160,medium,chilli
loamy,3.2,Warangal,28548,medium,chilli
loamy,1.9,Pune,12459,medium,rice
loamy,11.0,Vijayawada,88972,high,rice
red,11.0,Pune,115044,low,soybean
loamy,12.0,Hyderabad,153211,medium,rice
loamy,9.0,Jaipur,34255,high,millet
loamy,8.7,Hyderabad,71754,medium,rice
loamy,9.7,Warangal,54061,medium,maize
loamy,6.3,Warangal,104256,medium,chilli
red,18.1,Nashik,245312,medium,cotton
loamy,8.1,Lucknow,57730,medium,wheat
loamy,1.2,Nashik,15612,medium,tomato
red,8.2,Delhi,47318,medium,onion
loamy,15.5,Delhi,157653,medium,potato
red,15.3,Nashik,88504,low,groundnut
clay,17.0,Hyderabad,135459,medium,onion
loamy,10.8,Vijayawada,113957,medium,onion
black,9.1,Vijayawada,34647,medium,groundnut
loamy,8.1,Bengaluru,118839,high,tomato
red,5.9,Jaipur,46640,low,groundnut
black,1.2,Nashik,10432,medium,soybean
loamy,12.6,Nashik,125362,high,tomato
red,16.0,Vijayawada,172902,high,soybean
sandy,10.4,Pune,122168,medium,onion
loamy,11.0,Nashik,63751,medium,soybean
clay,11.0,Hyderabad,113198,high,rice
red,1.6,Vijayawada,15443,low,cotton
loamy,19.2,Pune,103011,medium,wheat
sandy,5.1,Warangal,31898,low,groundnut
loamy,12.2,Jaipur,136166,medium,wheat
sandy,13.7,Pune,97187,medium,onion
loamy,5.4,Pune,23567,high,maize
red,12.8,Hyderabad,187491,medium,cotton
red,13.3,Nashik,63778,low,groundnut
sandy,5.7,Jaipur,29100,low,millet
clay,7.3,Hyderabad,94146,medium,rice
loamy,6.8,Delhi,62894,medium,potato
sandy,10.2,Jaipur,35449,medium,groundnut
loamy,10.4,Pune,55531,medium,soybean
red,15.4,Warangal,168768,medium,chilli
loamy,12.4,Bengaluru,176047,medium,chilli
loamy,6.7,Jaipur,73862,medium,wheat
clay,1.0,Jaipur,5878,medium,maize
sandy,3.4,Nashik,22110,medium,groundnut
black,15.8,Hyderabad,212039,medium,cotton
loamy,2.7,Hyderabad,24283,medium,soybean
loamy,8.3,Nashik,74934,high,cotton
sandy,11.3,Nashik,34006,medium,groundnut
loamy,16.2,Pune,136326,medium,wheat
loamy,16.6,Bengaluru,126402,medium,tomato
loamy,18.0,Hyderabad,277117,high,rice
loamy,11.3,Jaipur,82894,medium,wheat
red,8.1,Warangal,69036,medium,chilli
sandy,1.2,Vijayawada,12996,medium,onion
loamy,14.5,Bengaluru,155184,medium,tomato
loamy,18.7,Delhi,181988,medium,cotton
clay,15.5,Hyderabad,103031,medium,soybean
loamy,13.9,Vijayawada,127941,medium,tomato
loamy,13.9,Jaipur,83867,medium,wheat
black,11.5,Warangal,71267,low,maize
loamy,3.1,Nashik,23076,medium,onion
red,1.3,Bengaluru,20504,medium,chilli
red,14.5,Hyderabad,212259,medium,cotton
sandy,15.3,Nashik,65621,low,groundnut
sandy,9.0,Nashik,41383,medium,groundnut
black,14.4,Delhi,120335,low,potato
black,8.3,Pune,42238,medium,soybean
loamy,18.2,Pune,197968,medium,onion
sandy,8.5,Pune,68848,medium,onion
clay,13.3,Vijayawada,166694,low,tomato
loamy,12.3,Nashik,120980,medium,tomato
loamy,12.6,Pune,80524,medium,maize
sandy,12.4,Delhi,70992,medium,millet
red,12.8,Vijayawada,168235,high,cotton
loamy,5.9,Pune,68261,medium,onion
red,11.6,Hyderabad,59050,low,groundnut
loamy,11.6,Pune,97059,medium,soybean
red,6.4,Bengaluru,80592,medium,chilli
red,14.0,Jaipur,57399,medium,groundnut
black,1.2,Hyderabad,10300,medium,maize
loamy,9.5,Bengaluru,133957,medium,tomato
sandy,7.7,Warangal,23908,medium,groundnut
loamy,2.3,Delhi,18254,medium,wheat
black,2.0,Hyderabad,18461,medium,cotton
loamy,2.4,Nashik,17638,medium,onion
red,19.4,Nashik,169594,medium,cotton
red,9.7,Pune,22859,medium,millet
sandy,8.6,Lucknow,78913,high,soybean
black,17.8,Bengaluru,103521,high,groundnut
sandy,19.1,Pune,210657,medium,onion
sandy,11.3,Jaipur,41984,low,millet
sandy,7.8,Vijayawada,79160,high,cotton
loamy,14.0,Pune,171906,medium,potato
red,11.7,Nashik,99721,medium,cotton
loamy,12.3,Bengaluru,79512,high,maize
black,5.3,Pune,37740,high,maize
loamy,1.4,Vijayawada,11372,low,onion
loamy,16.2,Pune,121107,medium,wheat
loamy,12.5,Pune,143540,medium,onion
loamy,17.0,Pune,159113,medium,onion
red,14.1,Delhi,58100,low,millet
black,8.5,Pune,42709,medium,soybean
loamy,9.2,Vijayawada,38711,high,groundnut
loamy,5.1,Vijayawada,70840,medium,chilli
loamy,1.5,Pune,13373,medium,wheat
loamy,7.4,Lucknow,81106,medium,potato
red,16.7,Pune,64882,low,millet
red,13.8,Warangal,200124,medium,chilli
loamy,8.1,Bengaluru,104839,medium,tomato
black,8.7,Hyderabad,56762,low,rice
sandy,6.4,Pune,66529,medium,onion
loamy,14.3,Lucknow,210189,medium,potato
loamy,9.1,Nashik,93187,medium,soybean
loamy,14.3,Pune,152729,medium,soybean
red,15.2,Vijayawada,164728,medium,chilli
loamy,11.4,Pune,64533,medium,soybean
sandy,11.7,Warangal,109036,high,onion
sandy,9.6,Pune,23806,low,millet
loamy,17.9,Bengaluru,106812,high,maize
red,2.2,Bengaluru,32133,medium,chilli
loamy,11.4,Nashik,124275,medium,onion
loamy,14.3,Delhi,183669,medium,potato
red,19.6,Hyderabad,235396,medium,cotton
loamy,10.8,Pune,107298,medium,soybean
red,19.5,Warangal,329358,medium,chilli
black,16.9,Bengaluru,100058,low,soybean
loamy,1.1,Hyderabad,12139,medium,rice
loamy,6.3,Vijayawada,85929,high,tomato
loamy,2.9,Delhi,31916,medium,potato
black,11.0,Warangal,44492,high,maize
red,8.9,Delhi,21151,low,millet
sandy,2.3,Jaipur,7788,low,millet
sandy,4.8,Nashik,29785,medium,onion
black,17.5,Lucknow,194925,low,tomato
loamy,16.4,Jaipur,91056,medium,wheat
sandy,14.2,Jaipur,58731,medium,groundnut
loamy,5.0,Bengaluru,48217,high,rice
red,17.5,Bengaluru,249095,medium,chilli
loamy,3.1,Nashik,18604,medium,soybean
red,4.9,Delhi,25104,low,millet
loamy,10.5,Vijayawada,75448,high,tomato
red,12.9,Hyderabad,160143,medium,chilli
sandy,13.4,Nashik,111077,medium,onion
sandy,7.3,Lucknow,93346,medium,rice
sandy,5.3,Jaipur,26742,medium,groundnut
loamy,7.9,Nashik,67072,medium,soybean
sandy,9.1,Pune,22176,high,millet
red,10.9,Vijayawada,47090,high,groundnut
clay,10.8,Lucknow,105045,high,maize
red,4.2,Jaipur,30400,low,groundnut
loamy,9.0,Vijayawada,96022,high,tomato
loamy,8.3,Delhi,70737,medium,potato
loamy,16.4,Warangal,105530,high,maize
loamy,11.7,Jaipur,119660,medium,wheat
loamy,14.8,Nashik,149296,high,tomato
black,10.0,Warangal,94798,medium,cotton
loamy,11.3,Nashik,121142,medium,soybean
red,5.9,Vijayawada,92123,medium,chilli
red,11.0,Vijayawada,133254,medium,chilli
loamy,2.3,Vijayawada,17834,medium,onion
loamy,10.7,Hyderabad,94243,medium,soybean
loamy,10.6,Nashik,110432,medium,soybean
sandy,14.0,Vijayawada,47740,medium,onion
loamy,18.8,Vijayawada,158401,high,tomato
red,18.6,Bengaluru,282109,medium,chilli
red,13.3,Bengaluru,105439,medium,chilli
loamy,9.6,Pune,45970,medium,potato
loamy,5.4,Bengaluru,41179,medium,maize
red,18.1,Delhi,132749,high,groundnut
clay,10.7,Vijayawada,133037,high,rice
loamy,1.3,Nashik,15137,low,tomato
loamy,7.3,Pune,64660,medium,potato
red,13.2,Bengaluru,111262,medium,chilli
loamy,6.9,Vijayawada,59836,medium,onion
loamy,10.2,Pune,59541,medium,onion
loamy,17.2,Hyderabad,249324,high,rice
red,16.6,Nashik,269391,medium,cotton
loamy,17.6,Pune,190977,medium,onion
black,6.0,Hyderabad,40764,high,maize
loamy,9.1,Lucknow,105083,medium,potato
sandy,10.1,Bengaluru,39216,medium,groundnut
loamy,14.4,Delhi,180434,medium,potato
loamy,19.3,Pune,90408,high,maize
black,14.4,Nashik,220746,medium,cotton
sandy,17.2,Jaipur,85425,low,groundnut
red,16.1,Pune,58307,medium,millet
loamy,8.4,Pune,89925,medium,rice
loamy,18.7,Delhi,212877,medium,wheat
black,4.1,Pune,29546,medium,soybean
loamy,17.9,Warangal,145151,high,maize
loamy,2.1,Pune,21141,medium,wheat
black,19.9,Nashik,137031,medium,soybean
loamy,19.9,Delhi,137138,high,soybean
black,18.7,Hyderabad,305097,medium,cotton
clay,8.2,Hyderabad,115087,high,rice
loamy,3.7,Delhi,35956,medium,potato
sandy,17.1,Jaipur,37791,medium,millet
loamy,14.8,Warangal,56864,high,maize
loamy,17.4,Bengaluru,125481,high,tomato
black,6.2,Nashik,64084,medium,soybean
loamy,17.2,Vijayawada,117324,high,rice
red,8.3,Delhi,19456,low,millet
loamy,13.2,Lucknow,140912,medium,potato
loamy,9.3,Hyderabad,57633,medium,soybean
clay,17.3,Hyderabad,54882,high,groundnut
loamy,19.6,Pune,114322,medium,onion
red,18.3,Warangal,71768,medium,groundnut
red,18.6,Pune,205704,medium,cotton
sandy,16.8,Nashik,103488,medium,groundnut
loamy,12.2,Bengaluru,90853,high,maize
sandy,6.4,Delhi,13384,low,millet
loamy,14.3,Lucknow,182107,medium,potato
sandy,5.6,Pune,30867,low,millet
sandy,9.2,Jaipur,31513,medium,groundnut
loamy,2.8,Pune,16848,medium,onion
loamy,9.6,Nashik,56106,medium,soybean
loamy,5.6,Vijayawada,76039,high,rice
loamy,2.0,Jaipur,10320,medium,wheat
red,7.2,Nashik,123223,medium,cotton
loamy,8.7,Hyderabad,79742,medium,maize
loamy,11.8,Delhi,120253,medium,potato
clay,3.7,Hyderabad,37372,medium,rice
clay,19.6,Hyderabad,119438,low,maize
loamy,1.5,Hyderabad,9713,medium,maize
loamy,6.8,Warangal,72915,medium,chilli
black,8.2,Pune,104681,medium,cotton
loamy,13.9,Lucknow,140334,medium,wheat
red,16.3,Pune,75299,low,millet
black,9.2,Nashik,81190,medium,soybean
sandy,13.1,Jaipur,76839,medium,groundnut
loamy,10.0,Pune,107254,medium,potato
black,8.0,Pune,109422,medium,cotton
sandy,16.0,Delhi,79670,medium,millet
red,15.9,Vijayawada,149129,medium,chilli
red,18.6,Jaipur,68176,medium,millet
loamy,14.3,Bengaluru,139156,medium,tomato
loamy,18.3,Nashik,197570,medium,tomato
loamy,4.0,Nashik,45760,high,tomato
black,5.0,Lucknow,44719,low,potato
red,8.8,Warangal,147535,medium,chilli
loamy,15.3,Pune,123899,medium,wheat
loamy,2.6,Nashik,28401,medium,onion
red,5.7,Bengaluru,74408,high,tomato
black,4.2,Delhi,28444,low,potato
clay,11.6,Delhi,121129,high,rice
black,8.6,Warangal,40717,medium,maize
red,6.3,Hyderabad,65588,medium,cotton
loamy,4.9,Hyderabad,30661,high,maize
red,16.6,Nashik,135266,medium,cotton
sandy,18.3,Jaipur,131899,low,groundnut
sandy,14.0,Warangal,103675,medium,groundnut
sandy,19.2,Vijayawada,123916,medium,onion
loamy,6.2,Pune,51063,medium,wheat
black,6.2,Pune,40410,medium,soybean
black,2.9,Bengaluru,27800,medium,potato
red,19.1,Pune,136782,high,rice
loamy,3.0,Nashik,26662,medium,tomato
red,6.9,Warangal,43652,high,rice
sandy,17.2,Lucknow,144755,low,maize
loamy,3.3,Delhi,27159,medium,wheat
red,7.1,Nashik,66859,medium,cotton
loamy,11.3,Pune,71264,medium,wheat
clay,3.2,Bengaluru,22823,high,rice
loamy,9.8,Warangal,47892,high,maize
loamy,11.1,Hyderabad,83944,medium,rice
loamy,12.5,Bengaluru,112300,medium,chilli
loamy,12.5,Bengaluru,126120,high,tomato
black,3.1,Hyderabad,37056,medium,cotton
loamy,6.4,Nashik,57529,medium,tomato
loamy,8.8,Vijayawada,77920,high,rice
loamy,16.5,Warangal,219915,medium,chilli
red,18.0,Pune,94608,low,millet
clay,12.1,Vijayawada,199688,medium,rice
loamy,10.6,Nashik,80121,medium,soybean
black,12.9,Nashik,73457,medium,soybean
red,10.6,Jaipur,46597,medium,millet
loamy,8.7,Warangal,60779,medium,maize
red,1.4,Vijayawada,19794,medium,chilli
clay,10.7,Hyderabad,70022,high,rice
clay,2.9,Lucknow,37217,low,tomato
clay,6.2,Bengaluru,85918,medium,rice
loamy,10.5,Pune,108601,medium,wheat
loamy,4.4,Jaipur,30236,medium,wheat
loamy,4.7,Pune,50430,medium,onion
loamy,14.8,Pune,100471,medium,soybean
loamy,18.8,Pune,119079,medium,onion
red,15.6,Delhi,62128,low,millet
loamy,18.8,Pune,122989,medium,onion
red,3.4,Jaipur,18479,low,millet
loamy,18.3,Pune,116043,medium,onion
sandy,2.8,Jaipur,14968,medium,millet
red,12.9,Vijayawada,151866,medium,chilli
loamy,7.5,Nashik,75397,medium,onion
loamy,2.8,Pune,18235,medium,onion
red,1.3,Warangal,17258,medium,chilli
red,14.3,Delhi,84112,medium,millet
clay,9.0,Bengaluru,140887,high,rice
loamy,16.2,Bengaluru,145932,high,tomato
loamy,5.6,Bengaluru,63536,medium,tomato
loamy,3.7,Lucknow,26224,medium,potato
loamy,12.2,Vijayawada,174969,high,tomato
sandy,4.7,Vijayawada,24762,medium,onion
loamy,15.7,Bengaluru,165327,high,tomato
loamy,4.5,Hyderabad,58348,medium,potato
loamy,1.6,Pune,11771,low,maize
loamy,18.9,Delhi,176495,medium,wheat
loamy,19.2,Bengaluru,249792,high,tomato
clay,8.0,Hyderabad,65001,medium,rice
loamy,7.4,Bengaluru,58405,high,rice
black,18.5,Pune,131557,medium,soybean
loamy,12.5,Hyderabad,38110,medium,maize
loamy,19.1,Nashik,158533,high,tomato
black,11.3,Nashik,62943,medium,soybean
clay,8.7,Bengaluru,68458,high,maize
black,19.5,Pune,78842,medium,soybean
red,15.8,Lucknow,88350,low,wheat
sandy,1.9,Delhi,5000,low,millet
black,12.5,Nashik,113207,medium,soybean
loamy,13.3,Delhi,98539,medium,wheat
loamy,13.9,Bengaluru,165907,medium,tomato
loamy,9.5,Pune,95488,medium,potato
loamy,7.5,Hyderabad,51540,low,soybean
black,9.8,Hyderabad,162005,medium,cotton
sandy,6.5,Pune,57174,medium,onion
black,14.3,Nashik,151099,medium,cotton
black,7.5,Delhi,78858,medium,wheat
red,11.9,Jaipur,33548,medium,millet
sandy,2.4,Vijayawada,13728,medium,onion
black,10.1,Pune,95190,medium,soybean
sandy,4.9,Pune,55187,medium,onion
black,4.0,Warangal,60266,medium,cotton
black,2.6,Bengaluru,10387,high,maize
loamy,9.6,Warangal,36420,medium,maize
sandy,5.9,Jaipur,14627,low,millet
red,10.1,Pune,34012,medium,millet
loamy,8.8,Vijayawada,78321,medium,onion
loamy,2.9,Hyderabad,17150,medium,soybean
sandy,8.5,Warangal,34617,medium,groundnut
loamy,4.5,Warangal,41754,high,maize
red,13.8,Jaipur,91071,low,groundnut
black,9.4,Jaipur,44101,high,millet
sandy,8.0,Warangal,54289,low,groundnut
loamy,3.5,Lucknow,24037,medium,wheat
loamy,17.5,Pune,75117,medium,soybean
black,14.3,Pune,114520,high,maize
black,3.6,Hyderabad,38698,medium,soybean
black,3.8,Hyderabad,37639,high,maize
red,14.7,Warangal,190941,medium,cotton
loamy,13.5,Warangal,172967,medium,potato
loamy,13.9,Lucknow,136709,medium,potato
loamy,11.8,Pune,100821,high,maize
red,8.5,Warangal,66155,medium,groundnut
loamy,19.8,Nashik,139724,high,tomato
loamy,5.8,Hyderabad,28008,high,maize
loamy,16.0,Pune,159904,medium,onion
red,13.1,Delhi,95218,high,maize
red,3.5,Nashik,54697,medium,cotton
black,6.0,Hyderabad,32667,medium,onion
sandy,2.5,Delhi,5000,low,millet
sandy,18.0,Delhi,98589,medium,millet
loamy,15.4,Bengaluru,226056,medium,chilli
loamy,2.2,Vijayawada,14971,high,rice
loamy,10.9,Vijayawada,98649,medium,tomato
loamy,10.6,Vijayawada,148442,medium,chilli
black,6.4,Hyderabad,97708,medium,cotton
loamy,1.7,Delhi,13908,medium,wheat
loamy,13.3,Pune,171689,medium,potato
black,18.6,Warangal,174810,medium,cotton
red,9.9,Warangal,80352,medium,tomato
loamy,17.5,Nashik,217420,medium,tomato
clay,7.8,Bengaluru,34764,high,millet
sandy,11.4,Pune,122705,medium,onion
black,8.6,Pune,100620,medium,cotton
black,11.2,Warangal,49683,high,maize
black,16.5,Jaipur,82354,high,groundnut
red,15.3,Pune,215053,medium,cotton
loamy,16.4,Bengaluru,129766,high,tomato
loamy,5.5,Vijayawada,63743,medium,rice
loamy,14.7,Vijayawada,164422,medium,onion
loamy,18.5,Vijayawada,226206,high,rice
loamy,10.1,Lucknow,67480,medium,wheat
loamy,2.6,Hyderabad,13293,low,onion
loamy,6.5,Jaipur,48981,medium,wheat
sandy,19.7,Jaipur,336212,medium,cotton
loamy,14.5,Pune,93087,medium,wheat
loamy,12.5,Bengaluru,154135,high,tomato
loamy,12.7,Vijayawada,145879,medium,chilli
red,7.9,Pune,35466,low,millet
loamy,5.6,Lucknow,39173,medium,potato
loamy,13.8,Nashik,131698,medium,soybean
loamy,18.2,Bengaluru,267365,high,tomato
sandy,18.3,Jaipur,84205,low,millet
loamy,14.6,Bengaluru,168919,medium,tomato
red,5.2,Bengaluru,69187,medium,chilli
sandy,3.0,Warangal,10754,medium,groundnut
black,18.6,Nashik,146954,medium,soybean
red,18.9,Warangal,130428,medium,chilli
loamy,3.7,Delhi,29292,medium,potato
loamy,6.5,Vijayawada,87932,medium,tomato
loamy,2.6,Lucknow,28928,low,rice
loamy,15.5,Warangal,243706,medium,chilli
sandy,14.9,Jaipur,73835,medium,groundnut
loamy,8.2,Vijayawada,106091,medium,chilli
sandy,2.0,Hyderabad,34936,low,cotton
black,16.4,Hyderabad,94247,medium,soybean
red,19.0,Vijayawada,122584,low,groundnut
red,15.4,Delhi,115444,low,millet
black,9.4,Nashik,90508,medium,soybean
loamy,10.7,Nashik,130094,high,tomato
loamy,6.8,Delhi,76980,medium,wheat
clay,2.4,Hyderabad,23995,medium,potato
loamy,10.4,Jaipur,61828,medium,wheat
red,3.4,Warangal,52053,medium,cotton
red,7.8,Warangal,44265,low,groundnut
loamy,17.5,Vijayawada,202975,medium,rice
sandy,19.2,Vijayawada,229570,medium,onion
black,14.8,Lucknow,172955,high,tomato
loamy,4.5,Delhi,41638,medium,tomato
loamy,8.5,Bengaluru,103739,medium,tomato
sandy,16.4,Delhi,95221,medium,millet
black,9.8,Nashik,88978,medium,soybean
loamy,4.6,Bengaluru,33703,high,tomato
loamy,3.4,Nashik,19909,medium,onion
loamy,19.1,Delhi,161780,medium,potato
black,11.1,Hyderabad,102699,high,maize
loamy,15.7,Delhi,95788,medium,wheat
loamy,4.4,Vijayawada,60677,medium,rice
loamy,13.2,Pune,153061,medium,potato
loamy,13.0,Warangal,117241,medium,maize
loamy,15.3,Pune,131693,medium,wheat
clay,4.6,Hyderabad,37370,high,rice
black,15.9,Nashik,66636,medium,soybean
loamy,3.6,Delhi,32542,medium,potato
black,1.5,Hyderabad,13742,medium,soybean
sandy,8.0,Delhi,51828,medium,millet
loamy,10.4,Nashik,124656,high,tomato
red,14.8,Nashik,160855,medium,cotton
red,15.2,Warangal,96811,medium,groundnut
red,18.9,Nashik,100442,low,groundnut
red,10.8,Warangal,147474,medium,chilli
red,18.6,Nashik,276675,medium,cotton
black,16.8,Hyderabad,145750,medium,soybean
red,15.5,Nashik,49714,medium,groundnut
sandy,11.1,Nashik,35617,medium,groundnut
loamy,18.4,Bengaluru,176327,medium,tomato
black,18.2,Nashik,140154,medium,soybean
loamy,9.0,Pune,63901,medium,soybean
red,14.1,Delhi,31750,low,millet
red,6.9,Bengaluru,62389,medium,chilli
sandy,14.0,Delhi,82740,low,millet
loamy,16.2,Bengaluru,199797,medium,chilli
loamy,8.6,Delhi,66175,medium,wheat
clay,18.2,Lucknow,133537,low,maize
loamy,11.5,Vijayawada,125678,medium,chilli
red,9.2,Warangal,104896,medium,chilli
loamy,13.6,Vijayawada,98314,high,rice
red,14.3,Nashik,63509,medium,groundnut
loamy,9.4,Bengaluru,121936,medium,tomato
loamy,19.3,Vijayawada,224181,medium,tomato
black,10.8,Pune,96513,medium,maize
sandy,18.7,Nashik,96959,medium,onion
loamy,5.5,Nashik,39954,high,tomato
black,7.4,Hyderabad,61230,medium,soybean
sandy,13.9,Pune,65947,low,millet
loamy,19.2,Bengaluru,257994,medium,wheat
sandy,8.0,Nashik,31982,medium,groundnut
red,14.7,Pune,224142,medium,cotton
loamy,9.9,Lucknow,97651,medium,wheat
black,6.4,Nashik,56765,medium,soybean
sandy,17.8,Nashik,88295,low,groundnut
sandy,12.1,Pune,36631,low,millet
loamy,12.1,Lucknow,137305,medium,potato
red,5.1,Delhi,68413,low,chilli
black,10.6,Warangal,94058,medium,maize
loamy,8.5,Warangal,134143,low,cotton
loamy,3.2,Pune,34250,medium,wheat
clay,7.6,Hyderabad,89635,medium,rice
black,7.0,Pune,37590,medium,soybean
loamy,16.3,Vijayawada,235857,low,rice
black,2.1,Nashik,34359,medium,cotton
loamy,15.8,Nashik,83888,medium,soybean
sandy,13.9,Warangal,104083,medium,groundnut
sandy,1.8,Warangal,11790,low,groundnut
loamy,15.3,Vijayawada,136772,medium,cotton
loamy,4.0,Delhi,25271,medium,wheat
loamy,11.5,Hyderabad,95196,medium,rice
black,8.8,Warangal,153869,medium,cotton
loamy,12.4,Warangal,170743,high,tomato
loamy,1.8,Delhi,22174,medium,potato
red,3.2,Jaipur,19516,low,millet
red,9.7,Nashik,90846,medium,cotton
loamy,6.8,Vijayawada,57602,medium,onion
black,7.5,Jaipur,29467,high,groundnut
red,5.5,Jaipur,69338,low,tomato
loamy,7.7,Lucknow,89158,medium,potato
loamy,7.9,Pune,65623,medium,wheat
black,3.7,Nashik,31856,medium,cotton
red,8.4,Warangal,100442,medium,chilli
loamy,19.1,Vijayawada,188375,medium,tomato
loamy,13.7,Delhi,122045,medium,wheat
sandy,4.9,Pune,26275,low,millet
loamy,19.6,Bengaluru,217658,high,tomato
loamy,15.8,Nashik,188756,medium,tomato
red,13.2,Hyderabad,223753,medium,cotton
loamy,3.8,Vijayawada,35621,high,tomato
black,5.2,Pune,39062,medium,soybean
loamy,2.6,Pune,17946,medium,wheat
loamy,1.4,Delhi,10676,medium,potato
sandy,11.0,Pune,103250,medium,onion
sandy,2.1,Vijayawada,22853,medium,onion
loamy,11.4,Jaipur,54881,low,maize
loamy,11.2,Vijayawada,92332,high,tomato
sandy,16.2,Warangal,185577,medium,wheat
sandy,12.3,Delhi,29684,low,millet
black,6.8,Delhi,18204,low,millet
loamy,14.1,Vijayawada,137742,medium,tomato
black,3.2,Hyderabad,19495,medium,soybean
black,4.6,Warangal,63778,medium,cotton
loamy,3.3,Warangal,34811,medium,chilli
red,14.1,Warangal,252691,medium,cotton
loamy,15.8,Bengaluru,156069,medium,rice
sandy,17.2,Vijayawada,113877,medium,onion
black,16.4,Nashik,204717,medium,cotton
loamy,17.0,Lucknow,99875,medium,wheat
black,8.7,Warangal,59504,low,groundnut
clay,5.9,Bengaluru,81661,high,rice
red,5.1,Pune,47070,medium,cotton
loamy,15.0,Bengaluru,168630,medium,rice
loamy,11.2,Nashik,120733,medium,soybean
loamy,15.8,Warangal,110922,medium,maize
black,17.7,Hyderabad,259503,medium,cotton
black,14.2,Delhi,197879,low,cotton
loamy,13.4,Delhi,98658,medium,wheat
red,16.0,Bengaluru,257334,medium,chilli
sandy,9.2,Bengaluru,95886,medium,cotton
sandy,6.5,Warangal,47138,high,groundnut
black,5.6,Warangal,28173,medium,maize
red,18.8,Delhi,80847,medium,millet
loamy,12.6,Lucknow,107253,medium,wheat
loamy,12.8,Nashik,80138,medium,soybean
black,6.7,Nashik,53307,low,wheat
red,2.4,Lucknow,7616,low,millet
loamy,4.4,Pune,40427,medium,wheat
black,8.3,Hyderabad,50991,medium,soybean
loamy,5.4,Nashik,78132,medium,tomato
loamy,4.6,Nashik,64864,medium,tomato
loamy,17.3,Warangal,201991,medium,chilli
red,8.8,Nashik,69345,low,groundnut
red,10.0,Bengaluru,111212,high,cotton
red,10.6,Delhi,88344,medium,wheat
loamy,18.9,Bengaluru,107412,medium,millet
black,16.6,Bengaluru,95662,medium,maize
clay,16.3,Bengaluru,256438,high,rice
red,18.2,Jaipur,104304,low,millet
loamy,8.7,Vijayawada,81275,high,tomato
loamy,16.2,Hyderabad,105189,high,rice
red,12.6,Delhi,48716,low,millet
loamy,12.0,Bengaluru,176647,high,tomato
loamy,12.1,Pune,86282,medium,potato
red,15.4,Warangal,93305,medium,wheat
sandy,7.8,Pune,79095,medium,onion
loamy,9.0,Nashik,127033,high,tomato
clay,17.8,Bengaluru,175048,medium,rice
red,11.9,Vijayawada,200572,medium,chilli
red,8.8,Jaipur,36926,medium,millet
black,16.7,Nashik,117521,medium,soybean
red,12.2,Warangal,92846,medium,groundnut
sandy,19.6,Hyderabad,55903,medium,millet
red,15.4,Jaipur,209557,medium,chilli
sandy,11.9,Jaipur,76041,medium,groundnut
sandy,7.7,Delhi,73667,high,tomato
loamy,12.0,Hyderabad,94224,high,rice
black,3.8,Nashik,36591,medium,soybean
loamy,8.9,Lucknow,78624,medium,potato
black,5.0,Pune,49925,low,rice
loamy,13.8,Pune,78491,medium,soybean
black,17.0,Bengaluru,77890,high,maize
loamy,7.8,Vijayawada,77619,high,rice
loamy,18.9,Delhi,147064,high,potato
loamy,19.4,Delhi,183772,medium,potato
red,3.6,Delhi,19053,low,millet
black,19.3,Jaipur,35569,high,millet
red,17.6,Hyderabad,205712,medium,cotton
black,12.3,Jaipur,130982,medium,rice
sandy,13.4,Delhi,68176,low,millet
black,16.1,Warangal,220621,medium,cotton
sandy,7.5,Pune,29278,low,millet
clay,19.1,Delhi,186989,high,onion
loamy,18.4,Delhi,154891,medium,cotton
loamy,15.0,Vijayawada,151776,medium,chilli
loamy,12.4,Lucknow,130490,medium,wheat
loamy,14.0,Pune,77960,medium,soybean
red,14.9,Delhi,71433,medium,millet
loamy,6.3,Pune,78001,medium,potato
loamy,3.8,Pune,41895,medium,potato
loamy,12.4,Nashik,94840,medium,soybean
sandy,14.1,Pune,43360,medium,millet
loamy,6.3,Vijayawada,61824,medium,rice
loamy,7.7,Lucknow,52969,medium,potato
red,6.8,Delhi,57272,medium,cotton
black,7.5,Hyderabad,132079,medium,cotton
red,6.0,Jaipur,25390,low,groundnut
loamy,11.2,Pune,72748,medium,wheat
red,2.8,Vijayawada,40635,medium,chilli
clay,7.8,Lucknow,58209,low,wheat
red,19.1,Pune,48028,medium,millet
sandy,12.4,Vijayawada,81329,medium,onion
red,13.9,Lucknow,55452,low,millet
red,8.2,Nashik,69342,medium,wheat
sandy,12.2,Pune,24192,low,millet
sandy,2.2,Nashik,10682,low,groundnut
loamy,16.5,Vijayawada,125578,medium,groundnut
sandy,17.0,Nashik,114974,high,groundnut
sandy,10.0,Warangal,127502,low,rice
black,2.6,Hyderabad,23803,medium,cotton
loamy,4.6,Warangal,56137,medium,chilli
red,2.9,Nashik,10370,medium,groundnut
clay,15.6,Bengaluru,205860,medium,rice
red,17.8,Pune,71228,low,millet
loamy,6.1,Jaipur,74712,medium,wheat
black,3.0,Warangal,12450,medium,maize
black,15.3,Warangal,110560,high,tomato
loamy,3.7,Nashik,24488,medium,onion
loamy,13.1,Warangal,151215,high,onion
black,13.0,Pune,54594,high,maize
loamy,3.6,Lucknow,37891,medium,potato
red,9.7,Warangal,94466,medium,chilli
black,12.7,Hyderabad,146098,medium,cotton
loamy,2.7,Warangal,13361,high,maize
sandy,14.4,Pune,50466,medium,millet
red,6.5,Hyderabad,60334,medium,maize
loamy,17.1,Hyderabad,196400,medium,rice
loamy,2.6,Lucknow,16393,medium,potato
red,14.1,Nashik,151011,high,onion
red,10.8,Nashik,141480,medium,cotton
loamy,18.3,Delhi,211877,medium,potato
black,2.0,Pune,15103,medium,soybean
loamy,17.5,Warangal,162407,medium,chilli
sandy,9.5,Vijayawada,82002,medium,onion
loamy,15.4,Delhi,118844,medium,wheat
red,4.2,Nashik,32688,high,groundnut
black,19.2,Nashik,121440,medium,soybean
black,10.0,Nashik,98978,medium,cotton
red,10.4,Warangal,172827,medium,chilli
sandy,3.8,Pune,37926,medium,onion
loamy,1.0,Pune,8698,medium,maize
loamy,18.1,Lucknow,140238,medium,wheat
sandy,10.5,Pune,108857,medium,onion
clay,6.1,Lucknow,39246,medium,soybean
red,13.1,Jaipur,46112,medium,groundnut
clay,6.2,Nashik,51340,medium,wheat
sandy,14.0,Warangal,144813,high,potato
black,10.4,Warangal,95436,medium,maize
red,7.8,Warangal,39669,medium,groundnut
loamy,5.5,Vijayawada,82162,medium,chilli
sandy,16.5,Bengaluru,174900,high,rice
black,7.2,Hyderabad,51302,low,rice
loamy,6.3,Delhi,49738,medium,potato
loamy,8.8,Vijayawada,63307,medium,onion
clay,2.6,Bengaluru,39255,medium,rice
sandy,6.7,Hyderabad,71513,medium,chilli
clay,16.1,Vijayawada,254392,high,rice
sandy,8.9,Pune,82563,medium,onion
loamy,17.3,Hyderabad,263600,medium,rice
loamy,15.2,Nashik,115976,high,tomato
clay,3.9,Warangal,32773,high,tomato
clay,15.0,Jaipur,111012,medium,onion
clay,1.4,Bengaluru,10711,medium,maize
loamy,8.9,Lucknow,71913,medium,potato
clay,6.5,Jaipur,106640,medium,cotton
loamy,18.0,Bengaluru,145389,high,tomato
red,8.0,Warangal,63910,high,soybean
black,15.8,Warangal,145360,high,maize
sandy,15.4,Delhi,85448,medium,millet
red,7.7,Nashik,106004,medium,cotton
sandy,14.8,Jaipur,64676,medium,millet
sandy,13.5,Jaipur,78710,medium,groundnut
loamy,15.6,Jaipur,74502,medium,wheat
loamy,12.3,Hyderabad,129543,medium,rice
loamy,9.8,Lucknow,71208,medium,potato
red,11.2,Warangal,186379,medium,cotton
black,5.2,Hyderabad,34474,high,maize
red,17.6,Jaipur,98186,medium,groundnut
red,19.4,Jaipur,57179,low,millet
red,10.3,Pune,60951,medium,millet
sandy,18.3,Nashik,128769,medium,onion
sandy,15.1,Warangal,61888,low,groundnut
red,2.9,Warangal,34625,medium,chilli
black,10.4,Warangal,107488,high,tomato
black,7.1,Pune,61369,medium,soybean
red,14.6,Bengaluru,83447,high,millet
loamy,1.4,Nashik,19090,medium,tomato
loamy,18.9,Lucknow,221984,medium,potato
loamy,4.4,Delhi,51340,medium,potato
loamy,16.2,Vijayawada,114141,medium,onion
loamy,12.1,Lucknow,121609,high,soybean
loamy,5.6,Lucknow,65047,medium,potato
red,3.5,Vijayawada,30650,medium,chilli
loamy,12.6,Nashik,110849,medium,onion
loamy,6.9,Lucknow,49419,medium,wheat
loamy,14.8,Nashik,120534,medium,soybean
loamy,15.6,Vijayawada,113767,high,tomato
loamy,17.0,Bengaluru,201555,medium,chilli
black,4.4,Lucknow,33122,low,onion
red,10.6,Bengaluru,94289,medium,chilli
loamy,2.4,Nashik,13854,medium,onion
red,10.3,Vijayawada,112478,medium,chilli
loamy,15.4,Bengaluru,184990,medium,chilli
red,4.4,Delhi,19535,medium,millet
clay,16.1,Warangal,151880,medium,chilli
sandy,10.7,Nashik,98831,medium,onion
loamy,2.9,Hyderabad,42865,high,rice
loamy,6.3,Pune,53673,medium,soybean
clay,2.4,Vijayawada,19615,medium,potato
loamy,3.1,Vijayawada,31426,medium,chilli
loamy,10.2,Lucknow,87348,medium,potato
black,9.0,Hyderabad,130593,medium,tomato
loamy,12.5,Vijayawada,161802,medium,chilli
clay,2.8,Bengaluru,32068,high,rice
black,16.5,Hyderabad,77134,medium,maize
black,8.6,Nashik,142557,medium,cotton
loamy,1.7,Hyderabad,15327,medium,soybean
loamy,11.7,Vijayawada,180877,medium,chilli
loamy,14.4,Lucknow,131875,medium,potato
black,8.1,Hyderabad,44169,medium,soybean
loamy,1.2,Hyderabad,9076,medium,soybean
red,18.1,Jaipur,125277,low,groundnut
black,4.3,Bengaluru,39627,medium,maize
loamy,3.7,Bengaluru,39301,high,tomato
loamy,14.0,Hyderabad,145927,medium,soybean
black,16.3,Nashik,129422,medium,soybean
loamy,14.4,Pune,113083,medium,wheat
loamy,3.9,Lucknow,16365,medium,wheat
loamy,14.4,Pune,195073,medium,onion
black,18.6,Hyderabad,148312,medium,soybean
sandy,9.6,Hyderabad,91461,low,wheat
clay,1.1,Vijayawada,10810,low,rice
clay,9.5,Bengaluru,87439,high,wheat
sandy,17.3,Pune,206676,medium,onion
loamy,16.2,Vijayawada,266434,medium,rice
loamy,1.8,Pune,21945,medium,potato
red,19.9,Nashik,350741,medium,cotton
sandy,12.1,Pune,25697,medium,millet
loamy,1.4,Pune,10852,medium,potato
loamy,17.1,Hyderabad,85188,medium,millet
clay,2.0,Delhi,5538,medium,millet
loamy,7.7,Nashik,53130,medium,soybean
red,5.0,Jaipur,22694,low,millet
loamy,5.9,Vijayawada,30304,medium,onion
red,12.2,Warangal,166978,medium,chilli
loamy,8.8,Pune,73953,medium,soybean
sandy,9.9,Pune,106468,medium,onion
red,12.2,Vijayawada,133228,medium,chilli
loamy,3.5,Delhi,27760,medium,potato
black,6.5,Nashik,49639,medium,soybean
loamy,18.7,Pune,101230,medium,maize
sandy,11.8,Nashik,43147,medium,groundnut
sandy,4.6,Nashik,24163,medium,groundnut
loamy,10.6,Lucknow,106046,medium,potato
black,17.8,Hyderabad,204201,medium,cotton
sandy,12.0,Nashik,76771,medium,onion
sandy,11.1,Pune,94643,medium,onion
clay,16.2,Vijayawada,125229,medium,rice
loamy,4.4,Pune,49288,medium,potato
black,1.6,Warangal,19862,medium,cotton
loamy,13.6,Pune,129425,medium,wheat
red,10.4,Jaipur,88337,high,onion
loamy,16.5,Lucknow,170887,medium,wheat
red,1.2,Pune,11925,medium,potato
black,14.3,Warangal,118032,medium,cotton
black,13.9,Warangal,54871,high,maize
loamy,6.2,Vijayawada,73780,medium,chilli
loamy,17.9,Vijayawada,141288,medium,tomato
loamy,7.8,Vijayawada,56429,high,tomato
loamy,17.5,Bengaluru,153034,high,tomato
loamy,4.8,Vijayawada,64086,high,tomato
red,11.6,Vijayawada,126576,medium,soybean
loamy,9.5,Nashik,79340,high,tomato
black,13.6,Nashik,74726,medium,soybean
sandy,14.7,Jaipur,38613,medium,millet
loamy,2.4,Pune,21710,medium,soybean
loamy,3.8,Pune,21133,high,maize
black,12.1,Hyderabad,125433,medium,soybean
loamy,2.5,Vijayawada,21734,medium,onion
black,1.4,Pune,22238,low,cotton
loamy,18.4,Pune,137646,medium,potato
red,3.5,Nashik,19950,low,groundnut
black,19.1,Pune,133096,medium,soybean
loamy,17.8,Pune,214372,medium,potato
red,10.9,Nashik,68406,low,groundnut
black,8.7,Bengaluru,41088,high,maize
sandy,16.3,Nashik,109933,low,groundnut
sandy,12.0,Pune,45856,high,groundnut
sandy,12.4,Hyderabad,179053,high,tomato
loamy,17.7,Bengaluru,220223,medium,tomato
loamy,18.5,Bengaluru,192955,medium,tomato
black,18.3,Warangal,289008,medium,cotton
red,4.5,Warangal,42703,medium,chilli
loamy,11.9,Bengaluru,115158,high,maize
sandy,5.1,Pune,36258,high,rice
red,11.2,Delhi,34406,medium,millet
clay,14.2,Delhi,240979,high,cotton
loamy,4.2,Lucknow,26293,medium,potato
black,14.7,Bengaluru,90055,medium,maize
loamy,9.6,Warangal,65598,medium,maize
clay,5.7,Vijayawada,62239,medium,wheat
sandy,12.8,Jaipur,46451,medium,millet
black,19.0,Nashik,135610,medium,soybean
red,7.1,Hyderabad,111471,medium,cotton
black,14.2,Pune,209151,medium,cotton
sandy,10.1,Jaipur,36499,low,millet
sandy,2.9,Jaipur,13070,low,groundnut
black,8.1,Warangal,66029,high,maize
loamy,2.4,Delhi,15809,medium,potato
loamy,2.7,Hyderabad,17202,medium,rice
red,14.3,Pune,53599,low,millet
red,12.3,Warangal,61529,medium,groundnut
black,16.2,Pune,98852,medium,maize
red,18.2,Warangal,173489,low,rice
sandy,12.7,Pune,26822,medium,millet
loamy,9.2,Delhi,120284,medium,potato
black,15.9,Hyderabad,178471,medium,cotton
loamy,3.5,Lucknow,37344,medium,wheat
loamy,7.0,Hyderabad,68530,medium,rice
sandy,2.5,Vijayawada,27094,medium,onion
red,1.7,Warangal,30203,medium,cotton
clay,12.4,Bengaluru,82804,medium,rice
red,4.9,Lucknow,35704,high,potato
red,3.2,Warangal,14697,low,groundnut
sandy,1.9,Vijayawada,21915,medium,onion
red,4.0,Delhi,22596,medium,millet
loamy,4.0,Delhi,32183,medium,potato
loamy,9.7,Vijayawada,77821,medium,rice
sandy,14.5,Pune,50216,medium,millet
loamy,17.8,Delhi,247637,low,rice
loamy,6.4,Hyderabad,42707,medium,soybean
sandy,11.7,Pune,117928,medium,onion
loamy,15.5,Bengaluru,125686,high,tomato
loamy,12.5,Pune,69942,medium,wheat
loamy,18.4,Bengaluru,47578,medium,millet
loamy,11.1,Bengaluru,93508,medium,chilli
sandy,5.6,Delhi,28698,low,millet
red,12.2,Bengaluru,186701,medium,chilli
sandy,3.9,Pune,29593,medium,maize
loamy,1.5,Lucknow,13203,medium,wheat
clay,13.7,Hyderabad,149165,high,rice
loamy,5.5,Jaipur,41970,high,soybean
sandy,4.8,Nashik,48645,medium,onion
sandy,6.5,Jaipur,20774,low,groundnut
red,14.6,Jaipur,76247,low,millet
loamy,3.9,Lucknow,40627,medium,wheat
black,8.2,Pune,69044,medium,soybean
black,3.4,Bengaluru,14840,high,maize
clay,9.6,Vijayawada,105696,high,rice
loamy,10.8,Delhi,91143,medium,wheat
loamy,1.8,Warangal,24139,medium,chilli
loamy,6.6,Vijayawada,75197,low,onion
sandy,3.7,Jaipur,21193,medium,groundnut
loamy,4.0,Bengaluru,36141,high,tomato
sandy,14.8,Nashik,86144,medium,groundnut
loamy,5.3,Warangal,63254,medium,cotton
sandy,8.2,Hyderabad,57390,high,wheat
clay,1.1,Bengaluru,10326,low,soybean
loamy,14.9,Delhi,76830,medium,wheat
red,11.5,Pune,153784,low,tomato
black,4.8,Nashik,43338,medium,cotton
loamy,18.5,Lucknow,99293,medium,wheat
black,1.7,Warangal,20500,medium,cotton
red,13.6,Delhi,67594,low,millet
loamy,16.4,Nashik,124544,medium,onion
red,15.5,Delhi,79127,medium,millet
loamy,1.5,Lucknow,17945,medium,potato
black,12.7,Pune,204510,medium,cotton
loamy,8.5,Vijayawada,54369,medium,onion
black,8.3,Nashik,45351,medium,soybean
red,11.6,Pune,102736,medium,cotton
red,19.9,Jaipur,44520,low,millet
loamy,7.1,Nashik,72110,medium,soybean
loamy,19.1,Nashik,204018,medium,tomato
loamy,6.2,Vijayawada,102458,high,tomato
red,3.0,Nashik,13845,low,groundnut
black,10.2,Hyderabad,161935,medium,rice
red,9.4,Pune,83562,medium,cotton
loamy,6.3,Delhi,55345,medium,wheat
loamy,19.5,Vijayawada,192071,medium,rice
red,13.6,Delhi,47472,medium,millet
sandy,19.7,Pune,140267,medium,onion
loamy,18.2,Pune,165052,medium,potato
loamy,14.7,Bengaluru,157337,medium,rice
red,9.6,Jaipur,77614,medium,wheat
black,14.6,Vijayawada,99125,high,soybean
loamy,11.0,Lucknow,103305,high,maize
loamy,8.4,Vijayawada,43177,high,millet
loamy,16.0,Lucknow,153350,medium,potato
black,7.9,Hyderabad,91968,medium,potato
loamy,17.7,Vijayawada,282541,medium,chilli
loamy,15.3,Pune,120793,medium,wheat
loamy,7.9,Nashik,66985,high,tomato
loamy,10.0,Bengaluru,92838,high,rice
loamy,12.5,Jaipur,121827,medium,wheat
loamy,13.7,Vijayawada,119222,medium,chilli
loamy,2.3,Lucknow,24285,medium,wheat
loamy,2.6,Hyderabad,23623,medium,soybean
sandy,15.5,Lucknow,181517,low,wheat
black,4.7,Hyderabad,48441,high,onion
red,18.9,Warangal,273524,medium,cotton
loamy,2.3,Delhi,26452,high,potato
loamy,15.3,Pune,63302,medium,maize
sandy,13.1,Nashik,148035,medium,onion
loamy,15.5,Vijayawada,162514,low,chilli
loamy,12.9,Bengaluru,135202,medium,chilli
loamy,5.3,Nashik,21536,medium,soybean
black,11.1,Nashik,65676,medium,soybean
black,9.8,Vijayawada,123117,low,chilli
red,12.7,Jaipur,64152,low,groundnut
red,14.4,Nashik,102634,low,groundnut
loamy,5.2,Nashik,47067,medium,onion
loamy,2.6,Vijayawada,34749,high,rice
red,4.2,Pune,19097,low,millet
loamy,1.3,Delhi,9469,medium,potato
loamy,17.8,Vijayawada,66956,medium,groundnut
loamy,6.6,Nashik,62657,medium,tomato
loamy,5.3,Pune,60518,medium,onion
red,15.5,Nashik,193399,low,potato
loamy,2.4,Pune,20475,medium,wheat
loamy,9.1,Lucknow,80651,medium,potato
red,19.0,Jaipur,50874,medium,millet
sandy,11.3,Jaipur,36166,low,groundnut
sandy,12.0,Pune,63962,low,millet
loamy,16.2,Pune,147099,high,maize
red,9.4,Bengaluru,66653,high,rice
clay,10.0,Nashik,89574,high,tomato
clay,9.9,Bengaluru,97669,high,rice
loamy,5.0,Bengaluru,68172,medium,chilli
loamy,14.5,Bengaluru,164601,high,tomato
sandy,14.1,Lucknow,105820,low,rice
sandy,1.2,Jaipur,5235,medium,groundnut
loamy,3.9,Nashik,39599,medium,tomato
loamy,17.7,Bengaluru,204636,medium,chilli
red,9.3,Warangal,144406,medium,chilli
black,3.4,Nashik,32807,medium,soybean
loamy,1.0,Nashik,10260,high,tomato
red,8.4,Jaipur,38243,low,millet
black,11.5,Nashik,116945,medium,soybean
loamy,19.0,Pune,169540,medium,wheat
loamy,7.0,Warangal,33458,high,maize
clay,4.7,Hyderabad,73220,medium,rice
clay,3.5,Vijayawada,12609,medium,millet
clay,13.1,Lucknow,110663,high,onion
red,18.8,Nashik,256732,medium,cotton
red,7.3,Warangal,66717,medium,chilli
clay,9.5,Delhi,89974,high,maize
loamy,9.5,Nashik,75023,medium,onion
loamy,17.9,Pune,200465,medium,onion
sandy,17.9,Vijayawada,190799,medium,onion
loamy,19.2,Bengaluru,106828,low,groundnut
red,7.7,Jaipur,39548,low,groundnut
loamy,3.0,Vijayawada,40613,high,tomato
black,8.8,Nashik,157898,medium,cotton
black,11.4,Warangal,29396,high,maize
red,4.4,Hyderabad,7984,medium,millet
red,9.7,Warangal,142950,medium,cotton
loamy,18.1,Warangal,262431,medium,chilli
loamy,18.7,Pune,119264,medium,wheat
loamy,17.8,Lucknow,237929,low,tomato
loamy,17.4,Bengaluru,314926,medium,chilli
loamy,5.6,Nashik,62307,medium,onion
black,12.7,Pune,104818,medium,soybean
clay,13.2,Nashik,106011,medium,soybean
clay,12.0,Warangal,39398,medium,groundnut
loamy,6.7,Hyderabad,39304,high,maize
red,5.7,Delhi,34793,low,potato
black,11.8,Hyderabad,108246,medium,soybean
clay,15.4,Bengaluru,155826,medium,rice
red,19.9,Vijayawada,283602,medium,chilli
sandy,16.3,Bengaluru,120382,medium,cotton
loamy,1.5,Pune,12800,medium,potato
loamy,4.8,Bengaluru,48259,medium,chilli
loamy,12.5,Nashik,129477,medium,onion
clay,2.7,Hyderabad,23682,high,maize
black,7.0,Bengaluru,35275,medium,maize
loamy,12.3,Bengaluru,171026,medium,chilli
loamy,6.5,Vijayawada,80070,high,rice
black,7.5,Hyderabad,55044,medium,soybean
sandy,9.9,Hyderabad,64712,low,potato
loamy,16.2,Lucknow,139200,medium,wheat
loamy,14.9,Delhi,103298,medium,wheat
clay,18.2,Jaipur,284520,low,rice
red,1.5,Bengaluru,12450,high,maize
loamy,8.0,Nashik,59907,high,tomato
sandy,9.1,Delhi,30856,low,millet
loamy,17.3,Lucknow,134839,medium,potato
black,4.4,Hyderabad,37238,medium,cotton
red,19.0,Hyderabad,292159,medium,cotton
black,3.0,Hyderabad,25300,high,maize
loamy,4.3,Hyderabad,17828,medium,soybean
loamy,9.3,Vijayawada,130350,medium,rice
sandy,4.7,Vijayawada,32751,medium,potato
black,3.8,Pune,66763,medium,cotton
loamy,18.5,Jaipur,131620,low,rice
red,9.8,Vijayawada,124424,low,rice
sandy,10.3,Warangal,72779,medium,groundnut
sandy,4.7,Vijayawada,32449,medium,onion
loamy,2.0,Pune,16776,medium,maize
red,15.1,Nashik,102655,medium,groundnut
sandy,17.8,Nashik,55667,medium,groundnut
red,9.6,Jaipur,51561,medium,groundnut
loamy,1.1,Pune,10361,medium,potato
loamy,2.0,Nashik,16004,medium,soybean
loamy,10.9,Vijayawada,120061,medium,tomato
black,13.2,Hyderabad,128245,medium,soybean
loamy,10.4,Nashik,119364,medium,tomato
red,8.6,Vijayawada,112445,medium,chilli
loamy,20.0,Vijayawada,205228,medium,onion
sandy,18.1,Jaipur,159609,low,soybean
black,2.6,Hyderabad,13860,medium,maize
loamy,11.6,Vijayawada,165791,medium,tomato
loamy,14.0,Nashik,164399,medium,onion
sandy,13.3,Vijayawada,86668,medium,potato
clay,19.5,Vijayawada,174782,high,rice
loamy,18.3,Nashik,175376,medium,soybean
loamy,16.7,Nashik,136946,high,tomato
clay,7.9,Hyderabad,98795,high,rice
loamy,10.0,Hyderabad,83588,medium,maize
loamy,13.8,Warangal,125212,medium,chilli
black,13.8,Jaipur,93329,medium,soybean
red,17.5,Bengaluru,236855,medium,chilli
loamy,13.9,Delhi,110972,medium,potato
loamy,6.4,Pune,43797,medium,soybean
sandy,2.8,Delhi,7444,medium,millet
black,11.9,Hyderabad,212429,medium,cotton
red,16.9,Bengaluru,251684,medium,chilli
sandy,16.2,Delhi,95962,medium,millet
sandy,1.7,Pune,14579,medium,onion
clay,13.8,Hyderabad,134031,medium,rice
loamy,5.9,Pune,69172,medium,potato
red,19.3,Warangal,183882,medium,cotton
loamy,11.5,Pune,144403,medium,onion
sandy,3.2,Jaipur,16127,low,millet
red,17.2,Bengaluru,199595,medium,chilli
sandy,3.9,Vijayawada,55930,low,rice
black,7.3,Vijayawada,36913,high,soybean
red,3.7,Jaipur,23445,high,onion
clay,8.3,Pune,71964,medium,wheat
sandy,18.5,Jaipur,113908,medium,groundnut
loamy,4.5,Vijayawada,61349,medium,chilli
red,17.4,Jaipur,55429,medium,millet
loamy,7.3,Bengaluru,82736,high,tomato
clay,18.4,Bengaluru,88676,low,groundnut
loamy,12.4,Warangal,105774,high,maize
black,5.7,Pune,32182,medium,maize
black,10.1,Hyderabad,69451,medium,soybean
red,11.5,Warangal,110404,medium,cotton
loamy,9.0,Nashik,117892,medium,tomato
black,3.5,Pune,19842,medium,soybean
black,9.4,Pune,40856,medium,maize
red,4.1,Bengaluru,55040,medium,chilli
red,3.0,Jaipur,10231,medium,groundnut
loamy,10.3,Bengaluru,107511,medium,chilli
black,12.8,Nashik,197212,low,rice
sandy,14.5,Nashik,139710,medium,onion
sandy,4.3,Nashik,28426,low,groundnut
loamy,18.6,Bengaluru,145585,high,maize
loamy,19.8,Hyderabad,193584,medium,soybean
clay,5.2,Hyderabad,47730,low,potato
red,4.0,Bengaluru,40785,medium,chilli
clay,16.0,Bengaluru,168828,medium,rice
loamy,3.7,Pune,38588,medium,potato
loamy,18.3,Lucknow,111307,medium,potato
loamy,13.7,Lucknow,83501,medium,potato
clay,19.2,Nashik,343445,high,cotton
red,17.3,Jaipur,36499,medium,millet
loamy,11.1,Delhi,114696,medium,potato
black,13.7,Nashik,88307,medium,soybean
black,16.0,Warangal,96732,high,maize
loamy,8.8,Vijayawada,91755,medium,rice
black,3.0,Nashik,27764,medium,soybean
loamy,17.4,Vijayawada,217889,high,tomato
black,8.2,Lucknow,101466,low,tomato
clay,15.2,Bengaluru,224908,medium,rice
black,7.3,Pune,85518,medium,cotton
sandy,13.9,Nashik,140592,medium,onion
red,1.6,Pune,6473,high,groundnut
loamy,14.6,Nashik,118490,medium,tomato
loamy,5.6,Lucknow,46923,high,cotton
sandy,9.1,Vijayawada,72197,medium,onion
black,3.2,Hyderabad,30127,medium,soybean
red,3.5,Nashik,46519,medium,cotton
loamy,12.6,Warangal,158450,medium,chilli
red,7.5,Vijayawada,108624,medium,chilli
loamy,14.1,Nashik,94433,medium,soybean
loamy,17.6,Nashik,192487,high,tomato
red,3.5,Nashik,14179,low,groundnut
loamy,13.3,Jaipur,222977,low,chilli
loamy,2.3,Vijayawada,20945,medium,onion
loamy,6.6,Vijayawada,95311,medium,chilli
loamy,15.5,Pune,110105,medium,maize
sandy,14.8,Warangal,49896,low,groundnut
loamy,6.4,Warangal,65336,high,chilli
sandy,16.9,Warangal,76567,low,groundnut
loamy,7.9,Bengaluru,42775,high,rice
red,1.5,Bengaluru,23170,medium,chilli
loamy,6.7,Lucknow,61849,medium,potato
loamy,14.9,Hyderabad,148496,high,rice
red,15.6,Warangal,166127,medium,cotton
black,4.5,Nashik,38627,medium,soybean
black,4.1,Warangal,40899,medium,cotton
loamy,6.5,Warangal,51565,high,wheat
sandy,14.5,Nashik,95291,low,groundnut
loamy,16.7,Nashik,100767,medium,soybean
loamy,8.5,Delhi,66670,medium,wheat
loamy,9.2,Pune,64280,medium,onion
loamy,1.2,Bengaluru,8957,medium,chilli
loamy,7.1,Bengaluru,101388,medium,chilli
loamy,16.2,Hyderabad,150073,high,rice
black,15.6,Pune,121514,medium,soybean
red,17.3,Delhi,52000,medium,millet
loamy,1.5,Pune,13108,medium,potato
black,14.1,Warangal,171097,medium,cotton
sandy,8.6,Delhi,74794,low,potato
loamy,12.5,Delhi,140027,medium,potato
loamy,3.1,Jaipur,13604,low,maize
loamy,6.2,Bengaluru,80132,medium,chilli
loamy,17.0,Hyderabad,150174,high,rice
loamy,11.5,Bengaluru,162152,high,tomato
loamy,1.1,Jaipur,7915,low,soybean
black,14.0,Hyderabad,146927,medium,soybean
clay,15.6,Nashik,101016,medium,onion
sandy,9.1,Pune,72301,low,soybean
loamy,3.8,Nashik,35936,medium,onion
black,7.9,Pune,105777,medium,cotton
red,2.9,Nashik,17065,medium,groundnut
black,9.7,Warangal,128495,medium,cotton
red,5.9,Jaipur,27252,medium,millet
loamy,2.5,Vijayawada,21326,medium,onion
loamy,17.9,Pune,157648,medium,potato
loamy,1.6,Delhi,14436,medium,wheat
sandy,15.2,Lucknow,242643,low,cotton
clay,19.5,Bengaluru,278171,medium,rice
red,18.6,Warangal,117544,low,groundnut
black,16.2,Warangal,171726,medium,cotton
red,8.8,Warangal,59076,medium,groundnut
loamy,8.9,Nashik,73115,medium,tomato
loamy,18.2,Bengaluru,168200,medium,maize
loamy,11.1,Bengaluru,119011,medium,chilli
loamy,16.0,Vijayawada,174576,medium,onion
black,2.3,Nashik,19399,medium,cotton
clay,11.7,Bengaluru,119997,low,tomato
black,4.3,Hyderabad,35278,medium,cotton
clay,4.4,Nashik,33557,high,potato
red,16.9,Pune,70270,medium,millet
clay,10.5,Vijayawada,128322,medium,potato
loamy,12.0,Hyderabad,114607,medium,rice
red,16.5,Jaipur,83348,low,groundnut
black,10.2,Nashik,179499,medium,cotton
loamy,11.6,Delhi,125651,medium,wheat
loamy,1.8,Pune,17779,medium,wheat
red,18.5,Lucknow,89669,medium,groundnut
sandy,16.0,Nashik,84761,medium,groundnut
loamy,17.3,Nashik,193497,medium,onion
loamy,7.2,Warangal,70672,medium,chilli
red,3.5,Jaipur,18336,low,groundnut
black,14.7,Lucknow,126984,low,wheat
loamy,18.7,Vijayawada,141428,high,rice
sandy,15.4,Nashik,97149,low,groundnut
loamy,5.0,Pune,55829,medium,potato
red,19.4,Warangal,304176,medium,chilli
sandy,11.6,Nashik,66590,medium,onion
loamy,2.6,Jaipur,21864,medium,wheat
loamy,19.5,Warangal,259814,medium,chilli
clay,9.2,Bengaluru,57553,medium,rice
black,8.6,Hyderabad,75920,medium,cotton
loamy,15.2,Warangal,159235,medium,chilli
red,10.9,Jaipur,85078,low,rice
clay,10.5,Bengaluru,93937,medium,rice
loamy,13.8,Bengaluru,131875,medium,rice
loamy,7.6,Bengaluru,70731,high,tomato
loamy,9.1,Delhi,92368,medium,potato
loamy,3.0,Vijayawada,41047,medium,tomato
loamy,4.7,Pune,41804,medium,soybean
sandy,12.6,Jaipur,68919,low,millet
black,18.6,Nashik,232983,medium,cotton
loamy,1.7,Delhi,15946,medium,potato
loamy,3.8,Vijayawada,43674,high,tomato
loamy,11.6,Lucknow,88626,medium,potato
loamy,8.6,Pune,86603,medium,potato
loamy,5.1,Nashik,68625,medium,tomato
red,3.7,Jaipur,23699,medium,groundnut
black,2.9,Nashik,51742,medium,cotton
black,12.1,Hyderabad,97893,high,cotton
black,6.1,Pune,54104,medium,maize
black,8.6,Pune,128922,medium,cotton
loamy,2.9,Lucknow,32165,medium,wheat
clay,13.5,Warangal,175543,high,onion
sandy,14.8,Pune,143163,medium,onion
black,9.3,Bengaluru,75030,medium,maize
loamy,9.1,Hyderabad,149585,medium,rice
loamy,11.6,Vijayawada,78188,medium,onion
sandy,18.4,Jaipur,314904,low,chilli
loamy,4.1,Warangal,52806,medium,chilli
loamy,14.0,Nashik,141506,medium,soybean
loamy,8.7,Vijayawada,114210,medium,rice
red,9.9,Warangal,117823,medium,chilli
red,11.6,Lucknow,67379,high,groundnut
sandy,6.9,Jaipur,37662,low,millet
loamy,8.6,Delhi,91330,medium,potato
loamy,12.7,Warangal,200903,medium,chilli
black,8.9,Nashik,90454,medium,soybean
loamy,10.3,Nashik,135541,medium,tomato
loamy,19.0,Bengaluru,150476,high,rice
red,13.5,Pune,170094,medium,cotton
loamy,10.6,Pune,92012,medium,potato
sandy,2.8,Nashik,15582,medium,groundnut
loamy,14.8,Pune,150880,medium,wheat
loamy,15.7,Delhi,171418,medium,potato
loamy,7.9,Jaipur,92731,high,onion
red,4.8,Nashik,35503,low,groundnut
clay,7.7,Nashik,49343,high,wheat
clay,10.4,Delhi,103313,medium,potato
black,17.9,Warangal,317800,medium,cotton
sandy,19.8,Delhi,96271,medium,millet
sandy,18.5,Pune,114459,medium,onion
sandy,12.5,Nashik,105757,medium,onion
loamy,2.1,Bengaluru,19041,medium,tomato
red,6.0,Hyderabad,90337,medium,cotton
black,7.3,Nashik,108956,medium,cotton
loamy,9.6,Pune,64583,medium,wheat
loamy,6.5,Vijayawada,65439,high,rice
loamy,9.4,Nashik,124561,medium,tomato
loamy,3.2,Delhi,22599,medium,potato
sandy,16.0,Pune,90620,medium,millet
loamy,10.9,Nashik,97744,medium,onion
red,8.6,Hyderabad,149356,medium,cotton
red,1.5,Nashik,7506,medium,wheat
loamy,17.6,Hyderabad,89330,medium,soybean
clay,18.3,Vijayawada,107014,medium,rice
loamy,8.6,Vijayawada,56066,medium,onion
red,16.4,Jaipur,94660,medium,millet
loamy,13.5,Pune,111882,medium,soybean
loamy,15.3,Jaipur,117409,medium,wheat
clay,2.6,Jaipur,16455,low,onion
black,4.1,Pune,28007,medium,soybean
black,17.6,Warangal,165770,medium,maize
black,8.3,Nashik,98303,medium,wheat
loamy,18.4,Delhi,136016,medium,potato
loamy,2.1,Hyderabad,17340,high,maize
loamy,2.8,Bengaluru,31270,medium,tomato
loamy,17.4,Delhi,85893,medium,wheat
loamy,12.1,Warangal,125680,medium,chilli
loamy,16.0,Pune,111590,medium,onion
red,13.0,Warangal,203283,medium,chilli
black,2.7,Nashik,14045,medium,soybean
loamy,15.9,Warangal,117666,high,maize
red,16.3,Pune,136000,low,wheat
sandy,16.3,Jaipur,119635,high,rice
clay,17.6,Nashik,148811,medium,onion
sandy,16.7,Nashik,209972,high,rice
loamy,13.1,Pune,116448,medium,potato
sandy,6.2,Delhi,18154,medium,millet
sandy,17.3,Nashik,92610,medium,groundnut
red,12.9,Vijayawada,135413,medium,chilli
red,2.8,Nashik,14737,low,groundnut
red,8.1,Warangal,39879,low,groundnut
loamy,16.3,Vijayawada,164268,medium,onion
loamy,1.1,Nashik,15487,high,tomato
black,13.0,Hyderabad,197441,medium,cotton
loamy,16.9,Vijayawada,217063,medium,chilli
clay,19.1,Vijayawada,154385,low,potato
black,4.9,Pune,56766,medium,cotton
black,16.9,Warangal,125303,medium,maize
loamy,19.2,Nashik,118617,medium,soybean
loamy,7.3,Bengaluru,74534,high,rice
loamy,12.6,Lucknow,131322,medium,wheat
black,14.5,Pune,84555,medium,soybean
loamy,3.1,Vijayawada,48836,medium,rice
sandy,10.7,Hyderabad,82486,medium,groundnut
sandy,3.9,Warangal,26824,medium,groundnut
sandy,5.3,Jaipur,25248,low,groundnut
black,8.3,Warangal,85270,medium,cotton
red,15.3,Warangal,97972,medium,groundnut
clay,6.4,Lucknow,84517,medium,tomato
black,11.1,Pune,58736,low,millet
red,4.5,Nashik,54332,medium,cotton
red,15.4,Warangal,242673,medium,chilli
loamy,11.5,Pune,108205,medium,onion
sandy,10.0,Nashik,84340,medium,onion
sandy,10.4,Vijayawada,146454,high,tomato
red,10.0,Pune,28478,low,millet
black,8.1,Nashik,128943,medium,cotton
loamy,18.1,Bengaluru,172203,medium,maize
loamy,8.4,Delhi,55408,medium,wheat
clay,9.8,Delhi,49045,low,groundnut
loamy,5.3,Jaipur,21245,low,groundnut
red,12.7,Vijayawada,205173,medium,cotton
loamy,6.7,Bengaluru,66768,high,rice
loamy,10.9,Hyderabad,59415,medium,soybean
black,3.2,Delhi,14595,high,wheat
loamy,18.4,Pune,147027,medium,soybean
sandy,4.2,Nashik,32802,medium,onion
clay,1.3,Lucknow,12237,medium,cotton
loamy,8.5,Pune,109531,medium,potato
loamy,5.2,Delhi,31633,medium,potato
loamy,9.5,Nashik,66963,high,tomato
loamy,11.2,Pune,102596,medium,maize
loamy,6.0,Jaipur,67808,medium,wheat
loamy,1.2,Pune,10439,medium,potato
red,1.7,Nashik,6950,medium,groundnut
loamy,5.4,Bengaluru,76238,medium,tomato
black,12.0,Hyderabad,86767,medium,maize
sandy,6.0,Pune,37712,medium,onion
loamy,14.4,Pune,88672,medium,wheat
sandy,2.6,Warangal,14880,medium,groundnut
loamy,11.9,Vijayawada,174703,high,tomato
sandy,3.0,Nashik,23838,medium,groundnut
loamy,8.6,Vijayawada,116170,high,tomato
loamy,16.0,Bengaluru,231107,high,tomato
loamy,12.1,Bengaluru,107019,medium,tomato
black,17.2,Pune,235068,medium,cotton
black,1.5,Hyderabad,14260,medium,cotton
loamy,1.0,Lucknow,9036,medium,wheat
sandy,15.4,Warangal,96601,medium,groundnut
red,19.1,Warangal,85079,low,groundnut
black,12.9,Jaipur,67634,medium,wheat
loamy,18.5,Vijayawada,202356,medium,chilli
loamy,4.4,Vijayawada,44131,high,tomato
clay,9.7,Hyderabad,81239,high,rice
loamy,11.8,Bengaluru,161310,medium,tomato
clay,15.3,Jaipur,112565,medium,potato
red,3.3,Jaipur,17173,low,millet
loamy,16.4,Bengaluru,238492,medium,chilli
loamy,11.2,Bengaluru,153030,high,tomato
red,12.5,Warangal,185810,medium,chilli
red,5.0,Jaipur,78742,medium,cotton
black,8.3,Pune,120378,medium,cotton
black,17.6,Hyderabad,138973,high,maize
red,12.1,Warangal,85387,medium,groundnut
sandy,6.2,Nashik,41425,medium,groundnut
clay,15.7,Hyderabad,120889,high,potato
black,12.6,Nashik,231058,medium,cotton
red,16.3,Nashik,35481,medium,millet
sandy,11.1,Pune,22728,medium,millet
red,3.3,Pune,34467,medium,cotton
loamy,10.0,Vijayawada,88178,medium,tomato
loamy,8.3,Delhi,49941,medium,potato
clay,15.0,Nashik,70158,low,maize
loamy,6.5,Bengaluru,34773,high,maize
loamy,5.7,Vijayawada,59337,high,tomato
loamy,12.3,Jaipur,70515,high,maize
clay,12.9,Hyderabad,92410,high,rice
loamy,10.8,Nashik,131053,high,tomato
black,19.9,Jaipur,125867,high,soybean
clay,13.5,Hyderabad,137875,medium,rice
red,13.7,Warangal,46637,low,groundnut
red,8.7,Warangal,122890,medium,chilli
sandy,17.1,Nashik,193281,medium,onion
loamy,14.7,Vijayawada,108630,medium,onion
red,5.8,Vijayawada,43261,low,wheat
loamy,10.5,Hyderabad,99269,medium,soybean
sandy,12.9,Pune,75681,medium,onion
clay,10.4,Hyderabad,131048,low,tomato
loamy,4.7,Pune,44764,medium,potato
clay,13.5,Hyderabad,159659,medium,rice
red,10.8,Bengaluru,104701,medium,chilli
black,16.0,Hyderabad,164806,medium,soybean
clay,10.9,Warangal,137449,low,tomato
loamy,11.7,Nashik,126645,medium,soybean
red,9.8,Hyderabad,44399,low,soybean
red,7.9,Delhi,18599,low,millet
sandy,1.4,Delhi,18192,low,cotton
loamy,6.0,Nashik,65275,low,soybean
sandy,16.1,Warangal,171136,medium,rice
black,17.5,Vijayawada,110904,low,rice
loamy,6.6,Bengaluru,81032,medium,chilli
black,18.3,Hyderabad,270448,medium,cotton
sandy,18.3,Nashik,53487,low,groundnut
red,15.4,Jaipur,82898,medium,millet
loamy,7.2,Delhi,74295,medium,potato
clay,17.3,Lucknow,122054,low,onion
black,17.5,Nashik,170163,medium,cotton
loamy,15.7,Lucknow,174605,medium,wheat
loamy,18.8,Pune,104106,medium,onion
loamy,3.0,Lucknow,34731,medium,wheat
red,15.0,Pune,43296,medium,millet
sandy,18.4,Pune,162052,medium,onion
clay,16.2,Vijayawada,172005,medium,rice
red,3.5,Warangal,51294,medium,cotton
black,18.7,Bengaluru,192336,high,maize
sandy,5.1,Warangal,38965,medium,groundnut
loamy,1.3,Delhi,15807,medium,potato
clay,6.9,Bengaluru,67102,medium,rice
loamy,13.9,Bengaluru,174978,medium,tomato
red,5.2,Jaipur,21641,low,millet
black,16.0,Jaipur,151260,medium,rice
loamy,8.5,Bengaluru,75935,medium,tomato
clay,6.2,Warangal,105950,medium,cotton
sandy,11.6,Nashik,114986,low,potato
red,19.8,Warangal,99118,medium,groundnut
red,2.0,Bengaluru,26868,medium,chilli
black,10.6,Hyderabad,93326,medium,soybean
loamy,11.6,Hyderabad,138585,medium,rice
black,17.9,Pune,117463,medium,maize
black,10.9,Hyderabad,103072,medium,soybean
red,8.1,Hyderabad,49840,medium,onion
loamy,1.8,Nashik,16158,medium,onion
loamy,18.9,Vijayawada,191097,medium,tomato
loamy,13.1,Nashik,132254,medium,tomato
loamy,18.8,Vijayawada,167222,medium,onion
sandy,17.8,Pune,183297,medium,onion
loamy,15.1,Warangal,78764,high,maize
loamy,17.1,Nashik,212272,high,tomato
sandy,5.6,Warangal,42509,low,groundnut
loamy,9.4,Hyderabad,89694,medium,soybean
sandy,2.7,Warangal,17415,medium,groundnut
sandy,16.4,Jaipur,61765,medium,groundnut
loamy,3.9,Vijayawada,41569,medium,tomato
loamy,8.9,Bengaluru,131025,high,tomato
loamy,15.7,Nashik,108521,medium,onion
loamy,4.5,Delhi,69040,medium,chilli
loamy,6.1,Vijayawada,93127,high,rice
loamy,6.7,Vijayawada,83227,medium,tomato
black,7.2,Bengaluru,42012,high,onion
loamy,13.7,Vijayawada,167616,high,tomato
black,2.0,Delhi,11361,high,millet
sandy,6.0,Pune,30834,medium,millet
clay,1.7,Delhi,7597,low,groundnut
loamy,4.4,Nashik,45292,high,tomato
loamy,2.9,Vijayawada,26904,medium,rice
sandy,19.4,Jaipur,111833,medium,millet
sandy,5.5,Delhi,24482,medium,millet
red,6.0,Hyderabad,33367,medium,millet
loamy,14.5,Lucknow,216456,high,cotton
red,11.4,Nashik,110452,medium,cotton
loamy,3.4,Hyderabad,22099,medium,rice
loamy,12.4,Lucknow,128054,medium,wheat
black,9.2,Vijayawada,39582,low,millet
loamy,18.9,Lucknow,142490,medium,wheat
clay,2.5,Hyderabad,22236,medium,rice
black,6.5,Nashik,55918,medium,soybean
sandy,1.8,Jaipur,18271,medium,cotton
black,4.4,Nashik,49554,medium,cotton
loamy,2.6,Nashik,25753,medium,tomato
clay,5.8,Hyderabad,72416,high,tomato
sandy,8.7,Delhi,21709,medium,millet
loamy,1.1,Pune,11128,medium,potato
black,1.1,Jaipur,5000,high,millet
sandy,8.3,Warangal,106646,low,potato
black,11.9,Nashik,121844,medium,soybean
black,14.9,Nashik,172443,medium,cotton
black,6.6,Jaipur,27584,medium,millet
red,8.5,Hyderabad,42238,low,maize
red,3.7,Nashik,13775,medium,groundnut
loamy,1.6,Bengaluru,15991,medium,rice
sandy,14.7,Delhi,67099,low,millet
loamy,15.7,Hyderabad,190566,low,cotton
sandy,8.7,Nashik,46317,low,groundnut
red,15.9,Nashik,115093,low,groundnut
clay,14.4,Hyderabad,110790,medium,rice
black,9.9,Hyderabad,102684,medium,soybean
loamy,12.5,Pune,92765,medium,potato
sandy,5.5,Pune,28817,medium,millet
clay,12.5,Nashik,76255,high,wheat
loamy,6.5,Vijayawada,53557,medium,onion
loamy,14.6,Lucknow,161408,medium,potato
red,18.7,Bengaluru,231476,medium,chilli
red,8.4,Delhi,17167,medium,millet
clay,9.6,Hyderabad,131976,medium,rice
black,18.7,Pune,186648,medium,soybean
loamy,17.4,Bengaluru,238658,medium,chilli
loamy,17.0,Delhi,100150,medium,wheat
sandy,4.7,Jaipur,31215,high,rice
black,9.8,Warangal,75383,medium,maize
sandy,8.3,Pune,100293,low,potato
sandy,15.7,Nashik,106712,low,maize
clay,13.1,Hyderabad,107640,medium,soybean
black,16.5,Pune,86489,medium,soybean
clay,14.9,Bengaluru,164248,medium,wheat
red,9.1,Warangal,131959,medium,chilli
red,3.3,Jaipur,13990,medium,groundnut
black,19.6,Hyderabad,143856,high,maize
loamy,6.8,Pune,70487,medium,potato
sandy,15.7,Nashik,115011,medium,onion
loamy,3.3,Lucknow,34916,medium,wheat
sandy,12.1,Warangal,174876,high,tomato
black,15.5,Pune,251403,medium,cotton
loamy,10.8,Pune,120476,medium,potato
loamy,4.3,Delhi,35828,medium,potato
black,3.2,Hyderabad,22867,high,maize
loamy,5.4,Vijayawada,53073,medium,onion
loamy,9.7,Bengaluru,44057,high,maize
loamy,16.4,Vijayawada,174322,medium,tomato
loamy,10.4,Delhi,128150,medium,potato
loamy,3.4,Delhi,29483,medium,potato
red,14.2,Warangal,65643,low,groundnut
loamy,4.0,Delhi,31420,medium,wheat
black,8.1,Nashik,71900,medium,soybean
red,12.0,Bengaluru,136356,medium,chilli
loamy,1.3,Vijayawada,18251,medium,tomato
black,15.9,Nashik,163054,medium,soybean
loamy,7.6,Pune,63943,medium,wheat
black,11.4,Hyderabad,116745,medium,soybean
loamy,8.0,Warangal,129814,medium,chilli
red,10.5,Jaipur,27134,low,millet
red,19.6,Warangal,321992,medium,cotton
loamy,18.3,Nashik,204004,high,tomato
sandy,14.5,Jaipur,58696,low,groundnut
loamy,1.1,Vijayawada,11303,medium,tomato
loamy,18.3,Jaipur,157746,medium,wheat
clay,8.9,Hyderabad,86538,medium,soybean
red,15.7,Hyderabad,216449,low,cotton
loamy,15.0,Delhi,126069,medium,wheat
loamy,7.4,Hyderabad,60302,medium,maize
loamy,2.6,Pune,21624,medium,wheat
sandy,7.8,Pune,25672,low,millet
clay,17.7,Vijayawada,206212,high,rice
loamy,11.8,Vijayawada,132223,medium,onion
red,13.2,Jaipur,17453,low,millet
loamy,1.1,Delhi,9683,medium,wheat
loamy,4.2,Jaipur,27660,medium,wheat
sandy,6.7,Pune,14740,low,millet
clay,19.2,Vijayawada,297000,medium,rice
loamy,4.5,Vijayawada,63495,medium,tomato
loamy,18.3,Hyderabad,106315,medium,soybean
red,14.7,Nashik,62536,low,groundnut
loamy,17.8,Nashik,103378,medium,onion
red,5.8,Pune,68431,medium,cotton
loamy,16.8,Vijayawada,158020,medium,rice
loamy,16.9,Warangal,204560,medium,chilli
red,1.6,Jaipur,9499,medium,groundnut
loamy,9.9,Bengaluru,85555,high,maize
black,13.4,Vijayawada,93577,medium,rice
loamy,1.7,Pune,16075,medium,maize
sandy,9.8,Jaipur,28888,high,millet
loamy,15.2,Hyderabad,102739,high,maize
red,20.0,Bengaluru,315588,high,chilli
loamy,13.5,Vijayawada,127283,high,tomato
loamy,15.8,Vijayawada,104327,medium,onion
loamy,13.4,Delhi,87376,medium,potato
red,8.0,Warangal,118636,medium,cotton
black,4.6,Pune,77464,medium,cotton
red,10.4,Nashik,63556,medium,cotton
red,16.1,Pune,93170,medium,millet
loamy,19.2,Bengaluru,261377,high,tomato
loamy,2.4,Hyderabad,23943,medium,maize
red,8.0,Nashik,32980,medium,groundnut
sandy,12.6,Pune,28052,low,millet
red,15.2,Pune,65700,low,millet
loamy,5.4,Lucknow,51250,medium,wheat
loamy,10.3,Bengaluru,76207,medium,tomato
loamy,17.5,Bengaluru,164822,low,potato
black,16.7,Bengaluru,137955,low,potato
loamy,15.3,Delhi,208621,medium,wheat
clay,2.3,Jaipur,6634,high,millet
black,2.3,Pune,19294,high,maize
sandy,8.7,Jaipur,38347,low,groundnut
red,5.5,Nashik,82503,medium,cotton
loamy,19.1,Vijayawada,200015,medium,onion
loamy,2.4,Delhi,27753,medium,wheat
sandy,19.5,Jaipur,75714,medium,groundnut
loamy,6.3,Jaipur,46670,medium,wheat
black,4.6,Hyderabad,26113,medium,soybean
red,3.5,Nashik,15200,low,groundnut
loamy,2.2,Hyderabad,17311,high,rice
loamy,19.2,Warangal,238214,medium,chilli
loamy,20.0,Pune,243824,medium,potato
loamy,2.6,Vijayawada,36621,medium,chilli
loamy,10.3,Vijayawada,156895,high,tomato
loamy,13.5,Lucknow,169489,medium,potato
loamy,4.1,Bengaluru,33683,medium,maize
sandy,5.8,Warangal,31130,low,groundnut
red,6.3,Pune,28057,low,millet
loamy,14.8,Vijayawada,152123,medium,onion
loamy,12.8,Vijayawada,130316,medium,rice
loamy,1.6,Hyderabad,12103,medium,soybean
red,2.5,Bengaluru,17060,low,groundnut
black,9.0,Pune,75466,medium,soybean
loamy,4.7,Pune,32801,medium,potato
loamy,13.3,Vijayawada,126879,medium,onion
red,18.8,Delhi,42036,medium,millet
sandy,19.5,Pune,255902,medium,onion
loamy,18.6,Vijayawada,190400,high,soybean
loamy,12.8,Vijayawada,80432,high,rice
loamy,14.1,Lucknow,139127,medium,potato
sandy,11.5,Jaipur,25141,medium,millet
loamy,15.6,Bengaluru,121339,high,tomato
black,9.9,Pune,66223,low,groundnut
sandy,5.4,Jaipur,59996,high,wheat
loamy,1.6,Hyderabad,8750,high,maize
red,16.4,Hyderabad,304246,medium,cotton
loamy,2.9,Vijayawada,31850,medium,chilli
loamy,1.4,Delhi,11351,medium,potato
loamy,19.6,Nashik,229441,medium,onion
black,8.1,Nashik,137985,medium,cotton
loamy,2.1,Pune,15052,medium,onion
red,17.9,Pune,319937,medium,cotton
loamy,2.7,Warangal,35045,medium,chilli
loamy,13.1,Warangal,162586,medium,chilli
loamy,2.9,Delhi,28912,medium,wheat
loamy,2.4,Nashik,26115,medium,tomato
loamy,15.2,Vijayawada,245829,medium,chilli
red,3.3,Vijayawada,13432,medium,millet
loamy,14.3,Bengaluru,126652,high,tomato
sandy,19.9,Nashik,213897,medium,onion
sandy,12.9,Pune,36556,medium,millet
clay,3.5,Hyderabad,29393,medium,rice
sandy,19.0,Pune,44965,medium,millet
loamy,7.0,Vijayawada,67316,medium,chilli
loamy,16.0,Lucknow,171644,medium,potato
clay,10.4,Pune,79164,low,groundnut
loamy,9.1,Delhi,83854,medium,potato
loamy,8.4,Bengaluru,99650,medium,rice
sandy,12.3,Pune,95015,medium,onion
sandy,1.4,Nashik,8847,medium,onion
sandy,12.5,Warangal,66517,medium,groundnut
clay,3.7,Bengaluru,49996,high,rice
red,19.1,Vijayawada,293910,medium,chilli
sandy,8.5,Delhi,28211,medium,millet
clay,19.6,Bengaluru,176976,high,rice
loamy,7.8,Pune,62509,medium,soybean
black,8.9,Jaipur,155643,low,chilli
red,9.7,Nashik,68714,medium,groundnut
loamy,17.6,Bengaluru,113189,medium,onion
loamy,3.5,Bengaluru,32883,medium,chilli
clay,5.0,Vijayawada,26988,low,maize
black,16.5,Warangal,231841,medium,chilli
clay,13.6,Vijayawada,214219,high,rice
loamy,1.1,Delhi,7594,medium,wheat
loamy,6.5,Warangal,46311,medium,maize
red,18.7,Bengaluru,182646,medium,chilli
loamy,6.0,Nashik,58530,medium,tomato
black,19.3,Vijayawada,335383,low,cotton
black,3.6,Nashik,20823,medium,soybean
loamy,19.1,Vijayawada,156356,high,rice
sandy,18.1,Nashik,208338,medium,onion
loamy,11.6,Lucknow,70251,medium,potato
loamy,5.0,Lucknow,28390,medium,wheat
black,4.7,Pune,75319,medium,cotton
clay,14.0,Nashik,33409,high,groundnut
loamy,14.6,Pune,116183,medium,potato
clay,12.9,Hyderabad,82051,high,rice
sandy,12.3,Pune,117469,high,wheat
red,16.4,Warangal,181623,medium,chilli
red,7.9,Jaipur,57660,high,soybean
black,11.2,Pune,132307,medium,soybean
red,4.2,Warangal,54989,medium,tomato
sandy,11.4,Jaipur,67348,low,groundnut
loamy,12.2,Delhi,103251,medium,potato
loamy,18.3,Pune,127078,medium,soybean
black,9.5,Pune,80159,medium,maize
sandy,14.1,Vijayawada,93570,medium,onion
loamy,18.2,Bengaluru,180998,medium,rice
black,4.8,Pune,28507,high,maize
sandy,1.6,Delhi,12709,medium,soybean
red,17.4,Delhi,203482,high,onion
red,2.0,Pune,5000,medium,millet
black,2.7,Vijayawada,36774,medium,chilli
loamy,2.4,Lucknow,28697,medium,potato
loamy,13.8,Bengaluru,122171,medium,maize
black,6.1,Pune,48031,medium,soybean
clay,10.7,Vijayawada,112523,high,rice
loamy,16.8,Pune,131530,medium,potato
black,3.2,Pune,39956,medium,cotton
red,1.5,Jaipur,5000,low,millet
red,6.8,Delhi,24032,low,millet
red,14.8,Jaipur,85887,low,millet
clay,12.5,Lucknow,109872,medium,rice
red,13.4,Pune,219057,medium,cotton
black,20.0,Hyderabad,199720,high,maize
black,1.5,Jaipur,9855,low,potato
sandy,19.9,Bengaluru,56269,medium,groundnut
sandy,11.6,Warangal,56366,medium,groundnut
loamy,2.5,Pune,26808,medium,wheat
black,8.1,Hyderabad,33453,medium,millet
loamy,6.2,Pune,71588,medium,onion
loamy,12.5,Delhi,92830,medium,potato
sandy,4.3,Vijayawada,36053,medium,onion
loamy,18.0,Bengaluru,307900,medium,chilli
loamy,17.4,Bengaluru,138601,medium,maize
loamy,15.8,Hyderabad,116158,high,maize
loamy,19.1,Bengaluru,200271,medium,tomato
red,12.2,Vijayawada,148073,medium,chilli
black,8.6,Nashik,110571,medium,cotton
black,17.4,Jaipur,237955,medium,chilli
sandy,13.8,Nashik,105539,high,potato
loamy,7.1,Delhi,28662,high,millet
black,10.9,Hyderabad,84546,medium,maize
sandy,6.2,Pune,60302,medium,onion
loamy,12.3,Warangal,71701,high,maize
loamy,8.2,Vijayawada,70623,medium,onion
loamy,16.2,Lucknow,105144,medium,potato
loamy,5.6,Delhi,39512,medium,wheat
sandy,8.6,Lucknow,81227,low,rice
red,3.5,Nashik,21926,medium,groundnut
red,8.8,Warangal,30713,low,groundnut
clay,18.8,Lucknow,164823,medium,potato
loamy,2.7,Lucknow,21573,high,soybean
red,4.9,Hyderabad,55091,medium,cotton
sandy,13.4,Vijayawada,110968,medium,onion
black,12.1,Warangal,95977,medium,maize
loamy,13.0,Lucknow,137456,medium,wheat
loamy,9.2,Bengaluru,129114,medium,tomato
black,11.7,Jaipur,38062,high,millet
sandy,18.7,Hyderabad,109567,low,soybean
red,11.3,Nashik,77951,low,potato
loamy,11.9,Warangal,152181,medium,chilli
red,8.9,Warangal,104735,medium,chilli
loamy,13.0,Hyderabad,88210,high,maize
red,3.5,Pune,41209,medium,cotton
loamy,10.4,Warangal,57618,high,maize
red,18.0,Pune,43729,high,millet
clay,10.3,Hyderabad,146185,medium,rice
sandy,12.1,Jaipur,65076,low,millet
loamy,6.7,Pune,45135,medium,soybean
black,4.3,Hyderabad,39821,medium,cotton
loamy,5.2,Vijayawada,73954,medium,chilli
loamy,9.4,Bengaluru,73791,high,tomato
clay,18.8,Pune,139101,medium,potato
black,12.0,Warangal,70132,medium,maize
black,16.8,Pune,134937,medium,soybean
loamy,11.8,Lucknow,93425,medium,wheat
loamy,5.1,Bengaluru,65544,medium,tomato
black,3.1,Pune,30640,medium,soybean
loamy,2.7,Delhi,32547,medium,potato
sandy,19.7,Warangal,98243,high,groundnut
black,1.1,Nashik,15222,high,rice
loamy,6.5,Pune,28683,medium,groundnut
red,14.1,Warangal,159533,medium,cotton
clay,10.5,Hyderabad,123750,high,rice
sandy,3.0,Pune,12283,medium,millet
loamy,1.8,Nashik,11571,high,soybean
black,17.3,Vijayawada,181373,low,rice
black,8.9,Pune,118151,medium,chilli
loamy,6.2,Pune,39459,medium,potato
loamy,13.3,Vijayawada,147366,medium,tomato
red,15.0,Vijayawada,178329,medium,chilli
red,16.5,Jaipur,41256,medium,millet
sandy,16.5,Vijayawada,166108,medium,onion
black,18.6,Delhi,38736,medium,millet
red,8.5,Pune,88313,medium,cotton
sandy,19.4,Jaipur,129898,low,groundnut
black,16.9,Hyderabad,127743,high,maize
black,6.2,Hyderabad,81820,medium,cotton
red,17.1,Jaipur,57733,medium,groundnut
loamy,3.7,Hyderabad,30877,medium,rice
loamy,18.0,Bengaluru,286646,medium,rice
loamy,2.7,Bengaluru,44176,medium,chilli
red,9.8,Warangal,149945,medium,chilli
loamy,11.2,Vijayawada,98329,medium,tomato
red,1.5,Hyderabad,21002,medium,cotton
loamy,12.5,Delhi,151510,medium,potato
loamy,4.0,Nashik,47160,medium,onion
loamy,16.0,Vijayawada,249481,medium,chilli
loamy,17.2,Bengaluru,206138,medium,tomato
loamy,5.7,Jaipur,107291,medium,cotton
red,6.1,Warangal,20492,low,groundnut
loamy,8.9,Hyderabad,93953,high,maize
loamy,19.6,Pune,120332,medium,wheat
sandy,5.8,Vijayawada,41878,medium,onion
loamy,9.1,Nashik,32272,high,groundnut
sandy,17.2,Pune,68180,low,millet
loamy,3.3,Vijayawada,27208,medium,onion
loamy,3.6,Nashik,31816,medium,soybean
red,17.7,Warangal,162723,medium,cotton
sandy,15.5,Delhi,83845,low,maize
loamy,2.4,Warangal,15322,medium,maize
red,12.3,Warangal,145326,medium,cotton
black,12.3,Pune,68899,medium,maize
loamy,18.1,Nashik,209181,medium,tomato
red,1.1,Nashik,12449,medium,cotton
loamy,16.6,Vijayawada,164097,medium,rice
clay,18.3,Bengaluru,128641,high,maize
loamy,12.8,Delhi,159477,medium,potato
loamy,11.1,Delhi,74902,medium,wheat
clay,19.8,Hyderabad,160071,low,maize
loamy,4.9,Vijayawada,31823,medium,onion
loamy,14.3,Lucknow,111740,medium,wheat
sandy,7.9,Vijayawada,86185,medium,onion
loamy,9.9,Bengaluru,93693,low,chilli
sandy,1.5,Jaipur,6797,low,millet
loamy,15.1,Pune,168180,medium,wheat
loamy,10.6,Bengaluru,87515,medium,tomato
red,1.8,Jaipur,5585,medium,groundnut
loamy,19.0,Pune,172003,medium,soybean
loamy,2.4,Bengaluru,30817,high,rice
red,10.5,Vijayawada,84361,medium,chilli
black,10.4,Bengaluru,45843,high,maize
red,14.8,Nashik,45071,low,groundnut
clay,18.7,Bengaluru,188522,medium,rice
black,9.6,Hyderabad,97361,medium,cotton
loamy,1.5,Vijayawada,12891,high,soybean
loamy,4.0,Nashik,25658,low,onion
red,17.8,Hyderabad,267021,medium,cotton
black,2.2,Nashik,11597,medium,soybean
red,13.7,Warangal,125530,medium,chilli
red,4.7,Nashik,31229,medium,groundnut
red,6.9,Vijayawada,114911,medium,chilli
sandy,12.0,Nashik,87717,low,groundnut
loamy,8.6,Pune,99343,medium,wheat
loamy,15.0,Lucknow,142683,medium,potato
loamy,2.4,Pune,25280,medium,wheat
black,11.5,Vijayawada,91995,low,potato
red,4.1,Warangal,24447,low,groundnut
loamy,18.4,Pune,146276,medium,potato
loamy,15.9,Bengaluru,244745,medium,chilli
red,17.7,Delhi,55280,low,millet
red,5.8,Warangal,58822,medium,cotton
loamy,11.0,Pune,106462,medium,soybean
loamy,11.6,Nashik,150366,high,tomato
red,11.5,Jaipur,41068,medium,millet
sandy,7.3,Nashik,51380,medium,onion
clay,17.2,Delhi,279802,low,cotton
loamy,17.7,Nashik,150970,high,tomato
loamy,5.0,Lucknow,40221,medium,wheat
black,1.6,Pune,8444,medium,maize
red,6.1,Nashik,40311,low,groundnut
sandy,17.9,Warangal,108502,low,groundnut
red,16.4,Nashik,80241,medium,groundnut
red,10.6,Bengaluru,126515,medium,chilli
sandy,13.2,Delhi,50025,low,millet
black,10.5,Vijayawada,82366,medium,maize
loamy,12.8,Delhi,112770,medium,potato
clay,1.0,Warangal,9720,high,onion
loamy,5.2,Delhi,36331,medium,potato
sandy,4.3,Jaipur,29585,low,groundnut
sandy,5.8,Pune,30724,low,millet
loamy,16.7,Jaipur,108660,high,groundnut
clay,1.3,Hyderabad,11251,low,tomato
loamy,17.4,Vijayawada,127837,medium,tomato
red,16.2,Bengaluru,134560,medium,chilli
loamy,2.5,Pune,23581,medium,wheat
red,1.0,Jaipur,5000,low,groundnut
black,18.3,Nashik,329063,medium,cotton
loamy,4.3,Pune,33332,medium,potato
loamy,1.7,Vijayawada,15081,medium,onion
loamy,18.7,Pune,176236,medium,potato
loamy,1.3,Vijayawada,12724,medium,chilli
loamy,14.6,Lucknow,166924,medium,potato
sandy,12.4,Pune,73474,medium,millet
black,14.3,Delhi,143085,high,potato
black,11.9,Nashik,84016,medium,soybean
red,9.9,Delhi,136758,low,chilli
red,11.2,Bengaluru,129615,medium,chilli
red,19.5,Pune,50688,low,millet
loamy,19.3,Vijayawada,238768,high,tomato
loamy,18.2,Bengaluru,200695,medium,tomato
loamy,2.7,Nashik,24965,high,tomato
sandy,18.4,Warangal,90329,low,groundnut
loamy,7.6,Pune,67225,medium,onion
loamy,16.2,Nashik,106521,medium,soybean
red,8.9,Warangal,123373,medium,chilli
clay,11.6,Bengaluru,162625,medium,chilli
sandy,7.3,Jaipur,22754,medium,millet
black,16.3,Hyderabad,99081,medium,onion
black,14.0,Vijayawada,112991,high,maize
loamy,13.9,Vijayawada,169702,medium,tomato
red,5.3,Hyderabad,31438,high,soybean
loamy,15.4,Nashik,88876,medium,onion
sandy,15.1,Delhi,44400,low,millet
loamy,19.9,Lucknow,208265,high,potato
black,6.4,Bengaluru,79192,medium,chilli
loamy,7.7,Delhi,65862,medium,wheat
loamy,11.0,Vijayawada,124768,high,rice
loamy,8.3,Lucknow,106508,medium,potato
loamy,2.9,Bengaluru,15446,high,millet
black,16.7,Pune,110336,medium,soybean
red,6.7,Vijayawada,61224,medium,chilli
loamy,13.0,Vijayawada,121794,medium,tomato
red,12.0,Pune,182076,medium,cotton
loamy,17.2,Bengaluru,224955,high,tomato
red,7.3,Delhi,31682,medium,millet
loamy,15.7,Bengaluru,145667,medium,rice
loamy,8.1,Pune,62191,medium,wheat
red,4.6,Vijayawada,48384,high,cotton
loamy,1.5,Lucknow,14112,medium,wheat
clay,1.3,Vijayawada,11162,high,rice
loamy,6.6,Pune,50265,medium,potato
loamy,5.6,Pune,48966,medium,onion
red,6.4,Jaipur,21486,medium,groundnut
loamy,4.0,Bengaluru,36793,medium,tomato
sandy,11.4,Delhi,31140,medium,millet
loamy,13.9,Vijayawada,141952,medium,onion
sandy,6.6,Delhi,30222,medium,millet
red,5.9,Jaipur,40287,low,groundnut
sandy,5.9,Delhi,32615,medium,millet
clay,1.9,Bengaluru,28520,medium,rice
red,5.3,Bengaluru,85196,medium,chilli
loamy,2.1,Pune,12311,medium,potato
red,5.6,Nashik,24967,medium,groundnut
loamy,6.7,Bengaluru,55482,medium,tomato
loamy,7.1,Delhi,67557,medium,potato
black,11.7,Pune,113447,medium,maize
loamy,17.8,Bengaluru,136782,medium,tomato
sandy,7.2,Nashik,80174,medium,onion
loamy,19.6,Bengaluru,280511,high,tomato
black,7.5,Nashik,57520,medium,soybean
red,7.4,Jaipur,25423,low,millet
red,8.5,Warangal,124904,medium,cotton
loamy,17.1,Nashik,232341,medium,tomato
red,11.9,Nashik,59421,medium,groundnut
sandy,7.6,Nashik,68032,medium,onion
loamy,7.6,Delhi,63849,medium,potato
loamy,3.3,Pune,21583,medium,soybean
loamy,3.1,Delhi,34464,medium,potato
loamy,16.9,Nashik,160053,medium,soybean
sandy,4.3,Jaipur,20437,medium,millet
clay,7.7,Vijayawada,66997,medium,rice
loamy,2.2,Pune,28218,medium,potato
sandy,5.1,Vijayawada,30967,low,groundnut
loamy,8.2,Hyderabad,79277,high,maize
sandy,10.8,Delhi,27321,medium,millet
loamy,7.3,Bengaluru,83472,medium,maize
loamy,18.5,Warangal,284319,high,chilli
sandy,9.9,Vijayawada,144405,low,chilli
black,8.5,Nashik,63942,medium,soybean
black,19.1,Hyderabad,126323,medium,soybean
red,14.0,Jaipur,45659,medium,millet
black,7.9,Pune,82605,medium,soybean
sandy,5.8,Pune,19235,low,millet
red,13.0,Delhi,88062,medium,millet
loamy,11.6,Nashik,130843,low,rice
loamy,17.2,Delhi,137410,medium,potato
sandy,10.6,Jaipur,82039,medium,groundnut
loamy,6.3,Vijayawada,37595,medium,onion
loamy,14.8,Pune,106113,medium,potato
black,19.9,Nashik,175207,medium,tomato
black,18.7,Hyderabad,155258,medium,maize
loamy,15.8,Pune,271260,high,chilli
red,17.4,Hyderabad,260599,medium,cotton
loamy,15.0,Lucknow,141834,medium,wheat
loamy,15.2,Bengaluru,160265,medium,rice
loamy,1.3,Vijayawada,9707,medium,onion
loamy,8.3,Jaipur,91507,medium,wheat
loamy,1.8,Nashik,21529,medium,onion
loamy,11.4,Lucknow,100475,medium,potato
loamy,4.1,Pune,47232,medium,wheat
clay,19.8,Vijayawada,183736,high,rice
loamy,14.2,Bengaluru,118129,medium,tomato
red,10.3,Delhi,33681,medium,millet
clay,8.5,Hyderabad,117961,medium,rice
loamy,11.1,Nashik,120552,medium,soybean
black,17.1,Hyderabad,256441,medium,cotton
sandy,17.8,Pune,56141,low,millet
black,2.0,Warangal,15386,medium,maize
clay,9.9,Warangal,100336,medium,rice
loamy,10.6,Hyderabad,126224,high,rice
red,6.4,Pune,25761,low,millet
loamy,5.0,Vijayawada,74608,medium,tomato
loamy,3.1,Pune,26138,medium,soybean
loamy,13.0,Bengaluru,198931,medium,rice
loamy,12.0,Lucknow,84350,medium,wheat
black,12.8,Pune,77498,medium,maize
black,9.5,Pune,82228,medium,soybean
black,12.0,Hyderabad,162081,medium,tomato
sandy,11.7,Pune,24679,low,millet
loamy,2.9,Delhi,24789,medium,potato
black,8.3,Hyderabad,143166,medium,cotton
loamy,6.9,Bengaluru,59370,medium,tomato
loamy,9.9,Jaipur,63181,medium,wheat
loamy,12.3,Bengaluru,159021,high,tomato
loamy,19.4,Warangal,198884,medium,chilli
loamy,15.3,Lucknow,163495,medium,potato
loamy,10.3,Bengaluru,42073,medium,maize
loamy,4.3,Pune,52410,medium,potato
red,17.0,Jaipur,79104,low,millet
clay,7.8,Pune,79141,low,potato
black,14.7,Pune,141269,high,maize
red,19.0,Hyderabad,187499,high,chilli
clay,11.3,Delhi,121644,high,wheat
red,1.7,Delhi,8084,medium,millet
red,15.0,Pune,83535,low,millet
loamy,4.4,Delhi,40663,medium,wheat
loamy,18.1,Lucknow,179580,medium,potato
loamy,6.7,Vijayawada,97665,medium,tomato
red,17.4,Jaipur,73455,medium,millet
sandy,16.7,Jaipur,91996,medium,millet
clay,3.1,Vijayawada,43652,high,cotton
sandy,12.0,Vijayawada,146124,medium,onion
clay,13.0,Delhi,101012,medium,potato
clay,15.3,Vijayawada,204154,medium,rice
loamy,4.4,Warangal,40568,medium,maize
sandy,10.7,Vijayawada,102705,high,soybean
black,5.8,Nashik,53094,low,rice
clay,17.0,Nashik,167008,medium,wheat
black,17.9,Nashik,179336,medium,soybean
sandy,10.0,Jaipur,53100,low,millet
sandy,19.1,Delhi,140973,medium,millet
red,3.8,Pune,11067,medium,millet
red,8.3,Pune,39245,low,millet
red,16.7,Warangal,283586,medium,chilli
loamy,12.4,Pune,133409,medium,onion
red,2.5,Bengaluru,26994,medium,chilli
red,15.1,Warangal,141209,medium,cotton
loamy,12.6,Pune,108813,medium,maize
clay,13.0,Jaipur,112928,high,onion
loamy,2.8,Bengaluru,20868,medium,tomato
loamy,11.0,Pune,69152,medium,wheat
clay,7.3,Pune,14727,low,millet
black,2.4,Vijayawada,26077,low,soybean
loamy,19.7,Delhi,107892,medium,wheat
loamy,12.2,Bengaluru,86378,medium,tomato
red,18.3,Warangal,245099,medium,chilli
loamy,8.4,Pune,72915,medium,tomato
loamy,18.3,Delhi,143859,medium,potato
loamy,11.9,Nashik,116282,high,tomato
red,14.1,Delhi,8460,low,millet
black,1.5,Pune,8397,medium,maize
sandy,11.3,Delhi,55516,medium,millet
loamy,11.9,Jaipur,107766,low,cotton
sandy,6.6,Pune,37093,low,millet
black,7.8,Hyderabad,61414,medium,soybean
red,1.1,Warangal,16897,medium,chilli
black,10.1,Hyderabad,26985,medium,maize
loamy,5.5,Warangal,60346,medium,cotton
loamy,10.2,Hyderabad,180782,medium,cotton
black,6.4,Hyderabad,41661,medium,soybean
loamy,5.0,Bengaluru,55754,medium,rice
black,5.3,Hyderabad,44719,medium,soybean
clay,5.7,Vijayawada,75784,high,rice
loamy,18.8,Warangal,112145,high,maize
sandy,3.4,Hyderabad,31035,medium,onion
black,5.8,Warangal,93099,medium,cotton
sandy,10.2,Nashik,35394,low,groundnut
sandy,8.5,Bengaluru,65052,low,groundnut
clay,10.2,Delhi,125657,high,chilli
red,3.6,Hyderabad,49829,medium,cotton
loamy,1.1,Bengaluru,11496,high,tomato
loamy,7.8,Jaipur,90227,medium,wheat
black,15.7,Hyderabad,85018,medium,maize
loamy,3.5,Lucknow,41230,medium,wheat
loamy,8.6,Nashik,71318,medium,tomato
sandy,5.6,Pune,32921,medium,onion
loamy,5.2,Lucknow,52078,high,tomato
clay,17.8,Nashik,174044,low,cotton
loamy,17.7,Nashik,282003,medium,tomato
sandy,12.4,Jaipur,57836,low,groundnut
red,17.5,Nashik,108633,medium,groundnut
sandy,2.3,Hyderabad,26371,medium,potato
red,12.6,Nashik,71414,medium,groundnut
loamy,4.9,Lucknow,25863,medium,wheat
loamy,3.1,Vijayawada,22519,medium,tomato
red,5.1,Bengaluru,83522,medium,chilli
loamy,9.6,Lucknow,121299,low,potato
loamy,4.4,Pune,40470,medium,wheat
loamy,7.3,Nashik,76330,medium,tomato
black,16.4,Warangal,113251,medium,onion
loamy,12.9,Warangal,87382,medium,maize
loamy,8.7,Vijayawada,50795,medium,onion
loamy,17.6,Bengaluru,270043,medium,chilli
black,8.9,Nashik,96221,medium,cotton
loamy,3.3,Pune,17442,medium,wheat
clay,1.0,Warangal,6775,high,soybean
clay,3.8,Vijayawada,41207,high,rice
loamy,12.5,Delhi,135330,medium,wheat
loamy,3.9,Hyderabad,34747,medium,maize
red,17.2,Pune,222103,medium,cotton
black,19.8,Nashik,183027,medium,soybean
loamy,18.3,Pune,189661,medium,potato
clay,12.2,Vijayawada,129903,low,rice
loamy,14.6,Nashik,209028,high,tomato
loamy,5.9,Vijayawada,52753,medium,rice
loamy,2.9,Hyderabad,13897,medium,maize
red,20.0,Vijayawada,198708,medium,chilli
loamy,9.2,Pune,111719,medium,potato
red,14.7,Pune,73570,low,millet
loamy,8.6,Vijayawada,132679,high,rice
black,5.7,Vijayawada,50376,low,maize
loamy,9.0,Lucknow,105193,medium,wheat
loamy,4.0,Delhi,49560,medium,potato
loamy,18.3,Bengaluru,151542,medium,chilli
red,2.2,Pune,7063,low,millet
red,15.6,Jaipur,60606,low,groundnut
black,7.1,Jaipur,83121,medium,rice
loamy,13.4,Vijayawada,134734,medium,chilli
clay,19.0,Nashik,188700,low,tomato
loamy,17.9,Vijayawada,92321,medium,onion
red,3.2,Nashik,44603,low,cotton
loamy,8.1,Bengaluru,94590,high,tomato
loamy,13.6,Bengaluru,100979,medium,tomato
loamy,17.9,Lucknow,200888,medium,potato
sandy,16.9,Warangal,125306,low,groundnut
loamy,17.6,Vijayawada,179615,medium,onion
black,13.6,Hyderabad,224337,medium,cotton
loamy,10.0,Lucknow,53058,medium,wheat
sandy,4.8,Nashik,34862,medium,onion
clay,19.9,Hyderabad,146953,high,groundnut
loamy,8.5,Bengaluru,105944,medium,tomato
red,5.7,Bengaluru,77839,medium,chilli
black,2.8,Warangal,24805,high,maize
loamy,12.7,Bengaluru,196141,high,rice
sandy,15.5,Pune,138861,medium,onion
loamy,15.3,Vijayawada,225742,medium,chilli
black,12.3,Nashik,103012,medium,soybean
loamy,6.4,Vijayawada,39747,high,rice
loamy,8.2,Bengaluru,128590,high,rice
red,20.0,Pune,187696,medium,cotton
loamy,4.1,Pune,15501,medium,wheat
black,3.8,Pune,14990,medium,groundnut
red,16.5,Vijayawada,166320,medium,chilli
red,1.1,Nashik,5000,medium,groundnut
black,8.0,Pune,84643,medium,soybean
loamy,17.4,Vijayawada,220029,medium,chilli
loamy,5.5,Pune,52324,medium,onion
sandy,7.7,Vijayawada,48634,medium,onion
sandy,10.0,Nashik,48160,medium,onion
red,4.5,Delhi,25510,medium,maize
red,11.3,Nashik,129075,medium,wheat
loamy,19.3,Jaipur,158576,medium,wheat
sandy,7.7,Nashik,86320,medium,onion
sandy,8.3,Vijayawada,43150,high,onion
loamy,3.7,Vijayawada,54896,high,tomato
loamy,2.6,Lucknow,29719,medium,potato
loamy,15.1,Warangal,113086,high,maize
black,18.0,Hyderabad,34819,high,millet
clay,3.5,Hyderabad,54744,medium,rice
sandy,11.9,Nashik,65847,low,groundnut
red,14.2,Warangal,49313,low,groundnut
black,16.7,Pune,164044,medium,soybean
black,10.2,Hyderabad,128158,medium,tomato
sandy,17.6,Nashik,64053,low,groundnut
sandy,11.6,Jaipur,91182,medium,groundnut
loamy,15.3,Bengaluru,202492,high,tomato
red,5.3,Warangal,64941,medium,chilli
loamy,10.1,Nashik,109084,medium,soybean
black,4.1,Bengaluru,34522,high,maize
loamy,11.0,Delhi,67713,medium,wheat
loamy,12.1,Delhi,114768,high,tomato
loamy,16.1,Nashik,116035,high,tomato
sandy,6.9,Nashik,43443,medium,groundnut
loamy,5.6,Pune,46640,medium,potato
loamy,9.0,Vijayawada,120045,medium,chilli
red,11.0,Vijayawada,152174,medium,chilli
loamy,7.2,Pune,56093,medium,wheat
red,11.6,Nashik,39713,low,groundnut
loamy,10.4,Lucknow,100674,medium,potato
loamy,8.2,Hyderabad,90185,medium,soybean
red,11.5,Pune,29472,medium,millet
loamy,3.3,Warangal,50195,medium,chilli
clay,12.3,Bengaluru,139543,high,rice
loamy,3.0,Bengaluru,33714,high,tomato
black,15.9,Nashik,89726,medium,soybean
loamy,7.7,Bengaluru,72962,high,rice
clay,17.7,Vijayawada,217016,low,potato
black,10.8,Vijayawada,97822,medium,soybean
clay,4.0,Jaipur,30516,low,rice
sandy,18.9,Jaipur,66906,medium,millet
loamy,18.2,Delhi,215182,medium,potato
black,2.3,Hyderabad,9924,high,maize
red,10.1,Warangal,30366,low,groundnut
loamy,13.5,Hyderabad,181067,high,chilli
loamy,12.5,Nashik,103472,medium,soybean
clay,15.3,Vijayawada,109866,medium,potato
loamy,16.4,Bengaluru,111083,high,maize
clay,3.7,Vijayawada,49979,high,rice
red,1.2,Delhi,5000,medium,millet
loamy,13.4,Nashik,158784,medium,onion
black,18.9,Delhi,149491,medium,groundnut
loamy,18.7,Pune,155224,high,maize
loamy,6.7,Pune,62808,medium,wheat
black,7.4,Warangal,120261,medium,cotton
loamy,3.8,Vijayawada,46217,medium,tomato
loamy,9.5,Delhi,95917,medium,wheat
sandy,15.1,Lucknow,111993,medium,potato
sandy,7.9,Pune,28553,medium,millet
loamy,14.2,Bengaluru,97806,high,maize
sandy,18.5,Jaipur,59081,medium,millet
loamy,16.6,Bengaluru,235670,high,tomato
loamy,3.4,Lucknow,25072,medium,potato
sandy,5.7,Pune,29971,medium,onion
clay,14.2,Nashik,164007,low,onion
red,8.1,Vijayawada,77679,medium,soybean
